Downsample[ns],BuildFilTree[ns],SearchFil[ns],DeleteFil[ns],BuildTreeSub[ns],SearchSub[ns],DeleteSub[ns],PreProcTotal[ns],Plane[ns],Total[ns],nx,ny,nz,planeCount
6395,2345,92,290,0,606,149,9877,2197,12074,0.0090778,-0.045625,-0.998917,0
5858,2049,28,262,0,602,150,8949,2016,10965,0.00649743,-0.0320753,-0.999464,0
6097,2050,29,267,0,585,148,9176,1360,10536,0.0071933,-0.0297766,-0.999531,0
4079,1445,19,182,0,403,100,6228,1409,7637,0.002315,-0.00540696,-0.999983,0
5938,2000,29,263,0,582,145,8957,1653,10610,-0.00657264,-0.00589696,-0.999961,0
6695,2068,28,263,0,580,146,9780,1906,11686,-0.00527667,0.00461863,-0.999975,0
5918,2036,31,264,0,594,145,8988,2273,11261,-0.00515665,0.011877,-0.999916,0
6166,2118,36,277,0,590,148,9335,1875,11210,-0.00661089,0.0146854,-0.999871,0
4025,1468,21,181,0,403,100,6198,1508,7706,-0.0111241,0.0147371,-0.99983,0
6123,2076,28,266,0,582,147,9222,2255,11477,-0.0117826,0.0170422,-0.999785,0
5895,2044,37,295,0,611,153,9035,2247,11282,-0.0136837,0.0202507,-0.999702,0
7552,2076,30,267,0,591,147,10663,1458,12121,-0.012862,0.0279116,-0.999528,0
5925,2109,35,294,0,588,147,9098,1426,10524,-0.0113348,0.0351252,-0.999319,0
3228,1110,19,224,0,467,109,5157,1148,6305,-0.0136136,0.0333715,-0.999351,0
6104,1988,21,185,0,407,101,8806,1554,10360,-0.014367,0.0317361,-0.999393,0
6120,1887,26,241,0,531,132,8937,1669,10606,-0.0144658,0.0275409,-0.999516,0
5454,1888,27,241,0,533,132,8275,2072,10347,-0.0154416,0.024797,-0.999573,0
5307,1964,26,276,0,541,136,8250,2036,10286,-0.0146338,0.0211818,-0.999669,0
5453,1907,27,242,0,529,132,8290,2321,10611,-0.0125645,0.0203298,-0.999715,0
6088,2056,30,265,0,587,181,9207,2316,11523,-0.0135706,0.0180908,-0.999744,0
6619,2041,29,296,0,641,151,9777,1797,11574,-0.0114528,0.0179114,-0.999774,0
4066,1454,20,181,0,410,102,6233,1025,7258,-0.0140542,0.0198178,-0.999705,0
5941,2082,29,264,0,601,147,9064,2193,11257,-0.0136408,0.0201896,-0.999703,0
6504,2434,31,265,0,624,177,10035,1481,11516,-0.0157588,0.0268972,-0.999514,0
4074,1467,20,199,0,435,105,6300,1377,7677,-0.0138854,0.0232072,-0.999634,0
6125,2122,27,266,0,616,150,9306,1963,11269,-0.0114175,0.0201985,-0.999731,0
5945,2007,30,260,0,602,147,8991,2196,11187,-0.0106723,0.019434,-0.999754,0
5410,1807,27,237,0,535,157,8173,2059,10232,-0.00830073,0.018358,-0.999797,0
5856,2013,30,261,0,582,146,8888,2266,11154,-0.0106062,0.0205849,-0.999732,0
5911,2042,29,263,0,586,146,8977,2189,11166,-0.011025,0.0209815,-0.999719,0
5899,2009,31,260,0,597,147,8943,2207,11150,-0.011701,0.0190718,-0.99975,0
6016,2076,29,268,0,605,150,9144,2110,11254,-0.00954593,0.0178912,-0.999794,0
5882,2096,36,300,0,647,147,9108,2087,11195,-0.0104607,0.0185684,-0.999773,0
4037,1437,21,180,0,404,101,6180,1564,7744,-0.0127939,0.0191992,-0.999734,0
5975,2048,31,261,0,583,148,9046,1740,10786,-0.0119421,0.0178714,-0.999769,0
6124,2043,29,267,0,602,149,9214,2103,11317,-0.0119699,0.0192399,-0.999743,0
6065,2040,29,265,0,589,147,9135,2220,11355,-0.00912144,0.0187522,-0.999782,0
5860,2007,29,261,0,585,146,8888,2192,11080,-0.0115697,0.0202885,-0.999727,0
5916,2120,31,266,0,589,147,9069,2207,11276,-0.011426,0.0210845,-0.999712,0
5907,2043,28,273,0,595,147,8993,1769,10762,-0.0121955,0.0273355,-0.999552,0
6073,2084,29,269,0,591,160,9206,2062,11268,-0.013771,0.0230762,-0.999639,0
5916,2040,30,288,0,590,149,9013,2239,11252,-0.0135486,0.0231561,-0.99964,0
6115,2048,28,263,0,588,146,9188,1716,10904,-0.0155573,0.0239857,-0.999591,0
5419,1881,27,240,0,525,131,8223,2030,10253,-0.0143134,0.0227406,-0.999639,0
6081,2049,29,261,0,611,149,9180,1613,10793,-0.0119089,0.021043,-0.999708,0
5529,1826,25,237,0,569,136,8322,1968,10290,-0.0103524,0.0206734,-0.999733,0
5364,1848,26,237,0,532,131,8138,2291,10429,-0.00849621,0.0175677,-0.99981,0
5983,2048,29,263,0,584,146,9053,2003,11056,-0.0111704,0.0240011,-0.99965,0
6522,1983,52,263,0,580,145,9545,2209,11754,-0.0134759,0.0215373,-0.999677,0
5914,2001,28,261,0,615,149,8968,2170,11138,-0.0123523,0.0196929,-0.99973,0
4896,1829,26,234,0,520,130,7635,1541,9176,-0.0106471,0.0174571,-0.999791,0
6042,2075,29,268,0,618,175,9207,2254,11461,-0.0115585,0.0186355,-0.99976,0
6056,2065,30,263,0,584,151,9149,1955,11104,-0.00921445,0.0185803,-0.999785,0
5283,1988,29,242,0,585,203,8330,2127,10457,-0.00820762,0.0160151,-0.999838,0
6020,2068,28,265,0,587,146,9114,2098,11212,-0.00775919,0.017452,-0.999818,0
5326,1846,27,237,0,544,134,8114,1863,9977,-0.00652727,0.0183377,-0.99981,0
5903,2075,48,268,0,592,148,9034,2262,11296,-0.00933358,0.0179145,-0.999796,0
5941,2039,29,264,0,584,145,9002,2212,11214,-0.00835314,0.0160397,-0.999837,0
5877,2016,31,263,0,582,147,8916,2209,11125,-0.0117391,0.0172266,-0.999783,0
5361,1835,26,236,0,525,131,8114,1933,10047,-0.0104661,0.015822,-0.99982,0
5857,2039,29,276,0,582,146,8929,2184,11113,-0.0122775,0.0220845,-0.999681,0
5932,2076,31,294,0,587,148,9068,2287,11355,-0.0102154,0.0202961,-0.999742,0
5911,1990,28,259,0,588,145,8921,2230,11151,-0.00788859,0.0186189,-0.999796,0
5881,2080,46,264,0,582,146,8999,2256,11255,-0.0115405,0.0200205,-0.999733,0
5878,2083,34,268,0,592,150,9005,2195,11200,-0.0128633,0.0190519,-0.999736,0
5858,2076,43,240,0,556,135,8908,1561,10469,-0.0103163,0.0161513,-0.999816,0
3829,1292,18,167,0,475,101,5882,1503,7385,-0.0122033,0.0177896,-0.999767,0
6000,2079,27,237,0,527,131,9001,1995,10996,-0.0124471,0.0180519,-0.99976,0
5260,1879,27,238,0,527,131,8062,1992,10054,-0.00996163,0.0165966,-0.999813,0
5961,2069,27,277,0,583,187,9104,2228,11332,-0.0135614,0.0193206,-0.999722,0
5910,2028,28,263,0,583,146,8958,2133,11091,-0.0106372,0.0179815,-0.999782,0
6236,2146,30,271,0,612,149,9444,2179,11623,-0.00873512,0.0165424,-0.999825,0
5911,2033,27,263,0,616,175,9025,1844,10869,-0.00837843,0.0161124,-0.999835,0
5289,1861,24,238,0,528,132,8072,1996,10068,-0.0113259,0.0166927,-0.999797,0
5912,2056,29,263,0,613,150,9023,2137,11160,-0.00743066,0.0164315,-0.999837,0
6128,2029,29,266,0,613,149,9214,2123,11337,-0.00774138,0.0180942,-0.999807,0
5342,1815,25,235,0,523,130,8070,1867,9937,-0.00866706,0.0166869,-0.999823,0
6012,2070,28,264,0,607,149,9130,1864,10994,-0.00586412,0.0162819,-0.99985,0
5890,2070,30,262,0,583,146,8981,2217,11198,-0.00618218,0.0150675,-0.999868,0
5339,1863,25,269,0,524,137,8157,1133,9290,-0.00290119,0.0230577,-0.99973,0
5855,1967,25,234,0,598,146,8825,1995,10820,-0.0052348,0.0195203,-0.999796,0
6296,2031,28,266,0,584,164,9369,2185,11554,-0.00618476,0.0179178,-0.999821,0
6002,1864,20,184,0,408,101,8579,1496,10075,-0.00746728,0.0166426,-0.999834,0
5066,1641,23,262,0,480,125,7597,1837,9434,-0.0113874,0.0173967,-0.999784,0
6185,2178,30,267,0,605,148,9413,2073,11486,-0.00705677,0.0162929,-0.999842,0
3820,1324,19,180,0,386,95,5824,1405,7229,-0.0119601,0.0208017,-0.999712,0
5919,2006,25,260,0,590,147,8947,1787,10734,-0.0100149,0.017829,-0.999791,0
5420,1838,24,238,0,528,155,8203,2014,10217,-0.00730415,0.0172423,-0.999825,0
5844,2019,26,236,0,554,147,8826,2037,10863,-0.00865737,0.0173967,-0.999811,0
3778,1353,22,228,0,539,100,6020,1393,7413,-0.00885113,0.0153061,-0.999844,0
5491,1830,25,237,0,530,131,8244,1939,10183,-0.00868215,0.0169856,-0.999818,0
6299,2022,28,288,0,658,150,9445,1863,11308,-0.00661872,0.0156076,-0.999857,0
5478,1819,27,234,0,548,134,8240,1654,9894,-0.00657311,0.0167333,-0.999838,0
1603,557,8,69,0,154,38,2429,532,2961,-0.00636178,0.0171046,-0.999834,0
4441,1715,28,278,0,436,120,7018,1891,8909,-0.00982125,0.0189257,-0.999773,0
5921,2055,28,267,0,587,148,9006,2134,11140,-0.00851761,0.0163448,-0.99983,0
5871,2060,29,265,0,589,146,8960,2139,11099,-0.0123719,0.0178565,-0.999764,0
5830,2301,31,266,0,585,147,9160,1982,11142,-0.0148311,0.0179715,-0.999729,0
5494,1846,27,236,0,527,131,8261,1769,10030,-0.013449,0.0161769,-0.999779,0
5986,2074,34,274,0,586,151,9105,2091,11196,-0.0131066,0.0184376,-0.999744,0
5840,1982,27,257,0,579,145,8830,2067,10897,-0.0117442,0.0183432,-0.999763,0
4990,1688,22,216,0,479,119,7514,1755,9269,-0.013683,0.0184874,-0.999735,0
5987,2310,37,304,0,645,152,9435,2260,11695,-0.0104941,0.0173113,-0.999795,0
4923,1650,23,218,0,475,121,7410,1901,9311,-0.0112865,0.0167986,-0.999795,0
5926,1989,26,239,0,521,131,8832,1754,10586,-0.00867409,0.0157481,-0.999838,0
5865,2027,28,261,0,586,146,8913,1628,10541,-0.00906621,0.0207036,-0.999744,0
6055,2059,28,265,0,587,146,9140,2412,11552,-0.0113601,0.019502,-0.999745,0
5997,2078,28,278,0,587,151,9119,2002,11121,-0.0104449,0.0168681,-0.999803,0
5970,1967,24,253,0,555,146,8915,1998,10913,-0.0126692,0.0182922,-0.999752,0
5560,1793,27,238,0,523,131,8272,1768,10040,-0.010439,0.0185324,-0.999774,0
5303,1837,25,237,0,526,131,8059,1564,9623,-0.0104326,0.0264366,-0.999596,0
6314,2006,27,263,0,643,150,9403,2031,11434,-0.0107172,0.0228177,-0.999682,0
5950,2017,36,273,0,583,145,9004,2203,11207,-0.009499,0.0193581,-0.999768,0
5936,2057,27,269,0,576,144,9009,1950,10959,-0.00847176,0.0169755,-0.99982,0
6151,2007,26,238,0,579,145,9146,2063,11209,-0.00892963,0.0152202,-0.999845,0
5926,2030,28,263,0,586,146,8979,2536,11515,-0.00861765,0.0134879,-0.999872,0
4041,1407,19,227,0,430,104,6228,1614,7842,-0.00847537,0.0166158,-0.999826,0
5914,2052,28,274,0,582,153,9003,2027,11030,-0.00512185,0.014377,-0.999883,0
5939,2017,28,261,0,582,145,8972,1631,10603,-0.00644334,0.0145041,-0.999874,0
3827,1409,18,177,0,415,94,5940,919,6859,-0.00452213,0.0116161,-0.999922,0
5930,2063,34,365,0,794,180,9366,1952,11318,-0.00176781,0.0123999,-0.999922,0
6031,1987,27,262,0,615,148,9070,2202,11272,-0.00583151,0.0145736,-0.999877,0
6700,2059,29,278,0,589,148,9803,2048,11851,-0.00704352,0.0160523,-0.999846,0
4112,1394,22,181,0,401,100,6210,1505,7715,-0.0101673,0.0179515,-0.999787,0
6144,2007,27,265,0,582,145,9170,2024,11194,-0.00802848,0.0156464,-0.999845,0
6013,2440,30,330,0,626,154,9593,2142,11735,-0.00785875,0.0149569,-0.999858,0
4125,1464,20,183,0,407,102,6301,1500,7801,-0.0061232,0.0143854,-0.999878,0
6267,2046,28,297,0,581,147,9366,2296,11662,-0.00981514,0.0153181,-0.999834,0
6032,1633,20,181,0,401,100,8367,1527,9894,-0.0128266,0.015238,-0.999802,0
3829,1366,20,172,0,440,100,5927,1034,6961,-0.0126088,0.0160381,-0.999792,0
5940,2043,29,264,0,615,175,9066,2212,11278,-0.00946047,0.01451,-0.99985,0
3877,1141,18,146,0,327,79,5588,751,6339,-0.0123152,0.017987,-0.999763,0
2780,749,11,94,0,208,52,3894,728,4622,-0.0101977,0.0180273,-0.999785,0
2629,936,13,132,0,263,66,4039,946,4985,-0.00807275,0.0165186,-0.999831,0
6261,1978,49,261,0,616,149,9314,2003,11317,-0.00779558,0.0151513,-0.999855,0
6209,2234,36,268,0,580,146,9473,1547,11020,-0.0111919,0.0206742,-0.999724,0
4137,1464,21,183,0,405,100,6310,1311,7621,-0.0102031,0.0196756,-0.999755,0
6130,2055,29,267,0,587,147,9215,1976,11191,-0.00753649,0.0162475,-0.999839,0
6089,2019,27,264,0,589,147,9135,2015,11150,-0.00722612,0.0152538,-0.999857,0
6033,2035,28,262,0,581,145,9084,2343,11427,-0.0107139,0.0167102,-0.999803,0
6055,2013,36,261,0,605,146,9116,2088,11204,-0.00834117,0.0157773,-0.999841,0
5840,2010,28,258,0,581,145,8862,2001,10863,-0.00589657,0.0154787,-0.999863,0
6749,2023,27,264,0,626,152,9841,1292,11133,-0.00450338,0.0143747,-0.999886,0
6865,2100,28,266,0,589,152,10000,2111,12111,-0.00401624,0.0132816,-0.999904,0
3925,1094,14,140,0,311,77,5561,986,6547,-0.00545801,0.0131943,-0.999898,0
2106,735,10,94,0,212,53,3210,821,4031,-0.00989482,0.0164801,-0.999815,0
5411,1793,26,233,0,520,155,8138,2064,10202,-0.0142,0.0186294,-0.999726,0
6509,2001,28,263,0,696,168,9665,2079,11744,-0.0148736,0.017563,-0.999735,0
5916,2060,27,268,0,590,147,9008,2649,11657,-0.0121198,0.0172436,-0.999778,0
4411,1534,20,183,0,409,102,6659,1540,8199,-0.0115941,0.0167235,-0.999793,0
5955,2014,28,263,0,581,146,8987,2161,11148,-0.0106934,0.0212692,-0.999716,0
6026,2058,28,268,0,589,146,9115,2396,11511,-0.0127902,0.0218713,-0.999679,0
5959,2150,29,269,0,585,146,9138,2139,11277,-0.0115805,0.0200062,-0.999733,0
6092,2030,29,263,0,580,145,9139,2104,11243,-0.00986975,0.0187246,-0.999776,0
6703,1993,27,263,0,618,149,9753,723,10476,-0.00857879,0.023807,-0.99968,0
4090,1553,19,186,0,414,101,6363,1319,7682,-0.0123594,0.0277213,-0.999539,0
5931,1991,28,260,0,582,145,8937,2252,11189,-0.0137996,0.0242836,-0.99961,0
6652,2021,28,269,0,580,145,9695,1354,11049,-0.0114801,0.0278512,-0.999546,0
3110,1109,15,139,0,309,79,4761,901,5662,-0.0115403,0.0224918,-0.99968,0
2149,729,10,93,0,209,52,3242,807,4049,-0.0110695,0.0199625,-0.999739,0
3297,1149,16,145,0,327,82,5016,1439,6455,-0.0124518,0.0186291,-0.999749,0
5986,2051,28,262,0,593,146,9066,2101,11167,-0.0120287,0.016933,-0.999785,0
5905,1989,29,261,0,567,143,8894,1940,10834,-0.0104478,0.0162501,-0.999813,0
4065,1384,20,179,0,389,99,6136,1522,7658,-0.00775331,0.0174503,-0.999818,0
5930,1959,31,259,0,562,144,8885,1825,10710,-0.00399716,0.0184888,-0.999821,0
5991,2055,46,263,0,575,146,9076,1176,10252,0.00382871,0.0331319,-0.999444,0
5979,2023,30,261,0,569,144,9006,1859,10865,-0.00246748,0.0266432,-0.999642,0
4065,1539,25,239,0,397,105,6370,1502,7872,-0.00394627,0.0202874,-0.999786,0
5837,2019,29,270,0,592,150,8897,1972,10869,-0.00611012,0.0168434,-0.99984,0
5900,2044,30,261,0,560,143,8938,1794,10732,-0.00390386,0.0160178,-0.999864,0
5803,2021,29,259,0,562,142,8816,2246,11062,-0.00548781,0.0163114,-0.999852,0
6800,2166,29,281,0,566,146,9988,2105,12093,-0.0111837,0.0183815,-0.999768,0
4039,1395,21,189,0,392,100,6136,1560,7696,-0.0121902,0.0191923,-0.999742,0
8089,2278,34,296,0,630,159,11486,1935,13421,-0.0143266,0.0183484,-0.999729,0
4385,1535,24,202,0,419,107,6672,819,7491,-0.00990085,0.0252424,-0.999633,0
6950,2184,28,260,0,553,141,10116,2101,12217,-0.00960027,0.0195323,-0.999763,0
5779,1937,28,251,0,550,140,8685,2181,10866,-0.0134534,0.0188028,-0.999733,0
6962,2182,31,310,0,622,160,10267,2140,12407,-0.0113737,0.0186766,-0.999761,0
5828,2343,34,290,0,691,178,9364,1919,11283,-0.00981519,0.0186525,-0.999778,0
4120,1361,19,179,0,388,97,6164,802,6966,-0.0048283,0.0271903,-0.999619,0
6989,2198,33,330,0,617,158,10325,2130,12455,-0.00922276,0.024775,-0.99965,0
5852,1945,28,253,0,596,146,8820,2174,10994,-0.0140627,0.0202835,-0.999696,0
6636,2191,27,258,0,619,185,9916,1898,11814,-0.016062,0.025945,-0.999534,0
3556,1153,17,145,0,314,80,5265,816,6081,-0.0172944,0.025261,-0.999531,0
2167,725,11,94,0,207,52,3256,766,4022,-0.0172352,0.0217478,-0.999615,0
6680,2189,30,288,0,661,163,10011,1990,12001,-0.0191019,0.0210039,-0.999597,0
5875,1985,29,257,0,560,142,8848,1897,10745,-0.0170667,0.020828,-0.999637,0
5313,1779,27,229,0,495,126,7969,1101,9070,-0.0142644,0.0306728,-0.999428,0
6681,2279,32,328,0,632,163,10115,2110,12225,-0.0175048,0.0313453,-0.999355,0
6721,2237,33,290,0,626,159,10066,1567,11633,-0.017742,0.0258374,-0.999509,0
4420,1521,21,200,0,419,106,6687,1566,8253,-0.0156168,0.0224809,-0.999625,0
6602,2247,33,306,0,620,158,9966,1810,11776,-0.017179,0.0277564,-0.999467,0
4910,1363,20,175,0,383,98,6949,1000,7949,-0.0150878,0.0237435,-0.999604,0
2253,716,10,92,0,208,52,3331,577,3908,-0.0126246,0.0211693,-0.999696,0
1784,602,9,78,0,171,43,2687,612,3299,-0.0108105,0.0187869,-0.999765,0
6717,2228,32,293,0,672,161,10103,1613,11716,-0.0104185,0.0246328,-0.999642,0
6522,2291,33,287,0,622,159,9914,1639,11553,-0.0126469,0.0183598,-0.999752,0
4344,1519,21,194,0,416,106,6600,1526,8126,-0.012005,0.019106,-0.999746,0
6621,2233,30,285,0,620,158,9947,2332,12279,-0.00963824,0.0178429,-0.999794,0
5913,2028,29,262,0,558,143,8933,2085,11018,-0.0112119,0.0195008,-0.999747,0
5426,1817,49,237,0,504,135,8168,1983,10151,-0.0135949,0.0200314,-0.999707,0
7043,2248,32,293,0,628,160,10404,1317,11721,-0.0112765,0.0222798,-0.999689,0
4379,1455,20,190,0,414,105,6563,1551,8114,-0.011352,0.0187387,-0.99976,0
6790,2264,33,291,0,623,159,10160,2461,12621,-0.0130179,0.0200647,-0.999714,0
6458,1478,21,201,0,418,107,8683,1447,10130,-0.0106011,0.0178413,-0.999785,0
4002,1499,21,180,0,386,99,6187,1511,7698,-0.0109271,0.0177955,-0.999782,0
6616,2242,31,290,0,634,184,9997,1749,11746,-0.0108289,0.0240874,-0.999651,0
6493,2002,27,255,0,556,151,9484,1924,11408,-0.0139209,0.0185908,-0.999731,0
5865,1956,28,255,0,576,144,8824,1913,10737,-0.0134082,0.0179462,-0.999749,0
5902,2487,33,292,0,584,153,9451,2074,11525,-0.0134116,0.0184113,-0.999741,0
4061,1430,19,176,0,381,97,6164,1016,7180,-0.0149959,0.0231883,-0.999619,0
5674,1841,29,239,0,507,131,8421,1352,9773,-0.0127433,0.029597,-0.999481,0
5308,1741,24,228,0,520,129,7950,1930,9880,-0.0154511,0.0238711,-0.999596,0
6105,2272,28,273,0,558,141,9377,2300,11677,-0.0147683,0.0213592,-0.999663,0
4194,1376,19,177,0,388,98,6252,1397,7649,-0.0126053,0.0183725,-0.999752,0
6377,2090,28,264,0,560,143,9462,2065,11527,-0.00959,0.0170707,-0.999809,0
5907,1927,27,258,0,556,142,8817,1916,10733,-0.00876026,0.0174034,-0.99981,0
6210,2069,28,260,0,557,142,9266,1608,10874,-0.0130782,0.0175348,-0.999761,0
5820,1969,28,255,0,557,167,8796,2296,11092,-0.0115739,0.0170774,-0.999787,0
3662,1073,14,135,0,297,75,5256,1107,6363,-0.0109231,0.0166157,-0.999802,0
2087,710,11,91,0,200,51,3150,698,3848,-0.00864465,0.016782,-0.999822,0
5927,1984,26,255,0,549,140,8881,1986,10867,-0.0103201,0.0177933,-0.999788,0
5782,1961,28,253,0,553,141,8718,2036,10754,-0.013662,0.0172794,-0.999757,0
6470,1996,28,257,0,561,143,9455,2071,11526,-0.0123531,0.0166429,-0.999785,0
5938,2005,28,260,0,502,97,8830,1637,10467,-0.0124403,0.0159457,-0.999796,0
2553,827,11,107,0,235,59,3792,917,4709,-0.0116087,0.0155995,-0.999811,0
2076,701,10,91,0,203,51,3132,734,3866,-0.00953263,0.0186828,-0.99978,0
6014,1959,28,282,0,553,142,8978,1889,10867,-0.0136512,0.0222614,-0.999659,0
5837,1945,30,259,0,551,143,8765,2007,10772,-0.0136693,0.0183496,-0.999738,0
5990,2073,29,262,0,560,143,9057,2080,11137,-0.0133601,0.01519,-0.999796,0
4045,1378,78,178,0,386,98,6163,1454,7617,-0.0130357,0.0174395,-0.999763,0
6143,1963,29,256,0,576,143,9110,2299,11409,-0.0132254,0.0173071,-0.999763,0
5791,1977,29,254,0,555,141,8747,1878,10625,-0.0173675,0.019766,-0.999654,0
6190,1990,28,261,0,559,142,9170,2191,11361,-0.0155939,0.0194426,-0.999689,0
5250,1755,25,229,0,517,129,7905,1751,9656,-0.0147415,0.0182574,-0.999725,0
5899,1965,26,255,0,554,140,8839,2176,11015,-0.0136431,0.0197085,-0.999713,0
5752,1998,27,254,0,552,141,8724,1979,10703,-0.0118741,0.0175988,-0.999775,0
5990,2028,30,258,0,565,141,9012,1672,10684,-0.00894049,0.0184216,-0.99979,0
5891,1940,29,258,0,552,140,8810,1685,10495,-0.00819407,0.0171143,-0.99982,0
6011,1940,29,252,0,571,143,8946,1993,10939,-0.00800381,0.014684,-0.99986,0
5797,1977,27,254,0,550,141,8746,2159,10905,-0.00916625,0.0154952,-0.999838,0
5870,1912,29,260,0,566,142,8779,2043,10822,-0.00878508,0.0171535,-0.999814,0
5821,1955,28,250,0,546,138,8738,2037,10775,-0.00626197,0.0176058,-0.999825,0
5848,1905,29,257,0,548,139,8726,2337,11063,-0.010895,0.0198782,-0.999743,0
5849,1930,27,248,0,569,141,8764,2092,10856,-0.010677,0.0186354,-0.999769,0
5800,1878,28,246,0,550,138,8640,2048,10688,-0.0143475,0.0208386,-0.99968,0
5942,1949,27,254,0,563,140,8875,1762,10637,-0.0195706,0.0266539,-0.999453,0
3988,1530,29,249,0,431,109,6336,1367,7703,-0.0211487,0.0238161,-0.999493,0
5428,1715,26,250,0,550,129,8098,1813,9911,-0.0199329,0.0214467,-0.999571,0
6062,1989,28,256,0,544,142,9021,1520,10541,-0.0208334,0.0322537,-0.999263,0
5825,2030,28,255,0,543,139,8820,1911,10731,-0.0190172,0.033786,-0.999248,0
5510,1854,25,232,0,490,126,8237,1830,10067,-0.017705,0.0266722,-0.999487,0
5851,1954,28,254,0,542,141,8770,2008,10778,-0.0162423,0.0236328,-0.999589,0
5805,2108,29,260,0,547,140,8889,1902,10791,-0.0131308,0.0213112,-0.999687,0
6012,1931,29,256,0,543,140,8911,1559,10470,-0.0113373,0.0208712,-0.999718,0
5524,1845,34,234,0,497,130,8264,1781,10045,-0.00932849,0.0203036,-0.999751,0
5341,1753,24,241,0,497,127,7983,1866,9849,-0.00886107,0.0182661,-0.999794,0
5379,1795,25,253,0,525,133,8110,1981,10091,-0.013482,0.0211405,-0.999686,0
5370,1831,24,251,0,497,129,8102,1217,9319,-0.0115851,0.020574,-0.999721,0
6247,2047,35,258,0,564,169,9320,2177,11497,-0.0120006,0.0226803,-0.999671,0
5934,2171,20,178,0,382,98,8783,1496,10279,-0.0118004,0.0211636,-0.999706,0
3217,1087,14,135,0,290,74,4817,565,5382,-0.0072314,0.023802,-0.999691,0
4838,1674,24,212,0,451,116,7315,1600,8915,-0.0134746,0.0232815,-0.999638,0
6042,2044,28,256,0,550,140,9060,2180,11240,-0.0145284,0.0226615,-0.999638,0
5894,1976,26,251,0,546,140,8833,1897,10730,-0.0134505,0.0238236,-0.999626,0
4075,1396,19,179,0,384,98,6151,1834,7985,-0.01402,0.0225548,-0.999647,0
5763,2005,27,254,0,554,143,8746,2081,10827,-0.0123685,0.0213163,-0.999696,0
6120,1971,27,314,0,558,145,9135,2036,11171,-0.0153919,0.0222772,-0.999633,0
5850,1980,27,257,0,556,143,8813,1454,10267,-0.0139677,0.0220703,-0.999659,0
5790,1970,28,254,0,639,184,8865,2050,10915,-0.0157625,0.0242993,-0.999581,0
4307,1370,21,166,0,292,74,6230,1090,7320,-0.0164699,0.0245141,-0.999564,0
2041,615,9,79,0,170,43,2957,637,3594,-0.0151376,0.0225373,-0.999631,0
1919,658,9,84,0,184,47,2901,605,3506,-0.0143894,0.0204006,-0.999689,0
5884,1963,48,256,0,552,142,8845,2056,10901,-0.0112778,0.0198709,-0.999739,0
5787,2024,26,259,0,567,146,8809,2187,10996,-0.0141572,0.0202914,-0.999694,0
3650,1027,14,133,0,289,74,5187,1213,6400,-0.0110938,0.0195793,-0.999747,0
2464,830,12,106,0,259,67,3738,874,4612,-0.0117842,0.0199129,-0.999732,0
6180,2058,27,297,0,547,142,9251,2193,11444,-0.0138039,0.0197479,-0.99971,0
5882,1962,27,255,0,552,142,8820,2136,10956,-0.0107372,0.0183021,-0.999775,0
6093,1990,33,276,0,549,143,9084,1665,10749,-0.0112138,0.0255807,-0.99961,0
4013,1380,18,175,0,383,98,6067,1335,7402,-0.0129611,0.0238617,-0.999631,0
5872,1992,27,254,0,553,143,8841,2048,10889,-0.0102094,0.0222597,-0.9997,0
5863,1937,26,250,0,544,153,8773,1863,10636,-0.00678419,0.0178381,-0.999818,0
6239,2064,27,267,0,580,159,9336,1857,11193,-0.00467765,0.018778,-0.999813,0
4174,1408,19,175,0,377,105,6258,1385,7643,-0.0074944,0.0198277,-0.999775,0
6592,1937,27,255,0,543,162,9516,2093,11609,-0.00263131,0.0179557,-0.999836,0
5787,1980,27,254,0,551,142,8741,2037,10778,-0.00610845,0.0212197,-0.999756,0
4157,1369,18,176,0,407,100,6227,1531,7758,-0.00691445,0.0259082,-0.99964,0
6448,2509,26,254,0,544,138,9919,1574,11493,-0.0141666,0.038443,-0.99916,0
5787,1935,27,250,0,542,139,8680,1751,10431,-0.021144,0.037804,-0.999061,0
4255,1429,19,174,0,366,95,6338,1245,7583,-0.0207503,0.0310988,-0.999301,0
5725,1850,27,248,0,549,140,8539,1770,10309,-0.0207774,0.0204271,-0.999575,0
6714,2166,26,254,0,533,137,9830,2039,11869,-0.0181158,0.0171173,-0.99969,0
5720,1940,25,229,0,542,130,8586,1875,10461,-0.0166679,0.0156227,-0.999739,0
6095,1918,28,272,0,558,142,9013,1321,10334,-0.016938,0.0174832,-0.999704,0
5923,2147,33,285,0,637,154,9179,1958,11137,-0.0268597,0.0198096,-0.999443,0
4217,1451,20,187,0,450,109,6434,2143,8577,-0.0307656,-0.00367265,-0.99952,0
7251,2219,28,292,0,670,163,10623,3195,13818,-0.0336529,-0.0142239,-0.999332,0
4299,1603,19,246,0,452,112,6731,2338,9069,-0.0291145,-0.0137717,-0.999481,0
6340,2398,31,293,0,707,171,9940,4293,14233,-0.021898,0.000805022,-0.99976,0
4358,1682,20,204,0,495,119,6878,3737,10615,-0.0211211,0.0126082,-0.999697,0
6486,2493,29,330,0,733,178,10249,4525,14774,-0.0242808,0.0236578,-0.999425,0
3922,1549,19,194,0,467,112,6263,3410,9673,-0.0220823,0.0264672,-0.999406,0
6286,2494,29,306,0,736,175,10026,5645,15671,-0.0136925,0.0205574,-0.999695,0
6152,2440,31,303,0,747,179,9852,5240,15092,-0.00136773,0.0154534,-0.99988,0
4303,1728,20,212,0,497,123,6883,4238,11121,-0.0031967,0.0213305,-0.999768,0
6161,2488,30,307,0,736,179,9901,5644,15545,-0.0137576,0.0627694,-0.997933,0
4321,1653,21,209,0,495,119,6818,4067,10885,-0.0118582,0.0786014,-0.996836,0
6257,2357,29,295,0,726,173,9837,5121,14958,-0.000851745,0.0601848,-0.998187,0
4346,1647,20,213,0,493,121,6840,4331,11171,0.00668522,0.0230996,-0.999711,0
6276,2412,28,303,0,713,174,9906,6821,16727,0.0052686,-0.0141361,-0.999886,0
4319,1697,20,210,0,500,136,6882,4428,11310,0.00880982,-0.0405332,-0.999139,0
6347,2438,29,320,0,761,186,10081,3330,13411,0.0184663,-0.0486926,-0.998643,0
6307,2525,31,314,0,745,181,10103,3424,13527,0.0190152,-0.0344853,-0.999224,0
4364,1825,20,217,0,522,125,7073,3134,10207,0.0174957,-0.0157975,-0.999722,0
6405,2567,28,319,0,758,183,10260,4531,14791,0.016555,0.00629046,-0.999844,0
4273,1906,24,340,0,730,170,7443,4035,11478,0.00403166,0.0235807,-0.999714,0
6195,2594,28,316,0,759,184,10076,6257,16333,-0.00871733,0.0261741,-0.999619,0
6371,2561,27,316,0,752,197,10224,4997,15221,-0.0175903,0.0234168,-0.999571,0
3294,1359,17,165,0,394,95,5324,3134,8458,-0.0236536,0.022266,-0.999472,0
6353,2565,30,311,0,772,184,10215,5646,15861,-0.0236172,0.0214164,-0.999492,0
4764,1826,23,221,0,534,131,7499,3716,11215,-0.0215363,0.0224241,-0.999517,0
5434,2196,26,301,0,646,159,8762,4521,13283,-0.0185924,0.0268156,-0.999467,0
5808,2003,24,257,0,576,142,8810,3414,12224,-0.0239627,0.0259271,-0.999377,0
6271,2407,30,302,0,692,169,9871,3808,13679,-0.0293156,0.0248782,-0.999261,0
4322,1657,20,241,0,475,117,6832,2656,9488,-0.0304154,0.0193203,-0.999351,0
5593,1931,24,241,0,553,137,8479,2726,11205,-0.0342378,0.0230489,-0.999148,0
5994,2372,30,294,0,672,166,9528,2743,12271,-0.0365746,0.0293698,-0.998899,0
6083,2337,29,290,0,667,164,9570,2371,11941,-0.0373498,0.0317914,-0.998796,0
6471,2372,32,323,0,653,194,10045,2073,12118,-0.0303681,0.0341884,-0.998954,0
4188,1559,20,197,0,459,111,6534,1439,7973,-0.0285332,0.0304324,-0.99913,0
6254,2280,29,284,0,665,161,9673,2559,12232,-0.0270902,0.0316132,-0.999133,0
3474,1183,17,152,0,348,120,5294,898,6192,-0.0338777,0.0272341,-0.999055,0
3583,1325,20,162,0,363,89,5542,1326,6868,-0.029117,0.0334639,-0.999016,0
5848,2265,36,297,0,606,149,9201,2229,11430,-0.0245019,0.0427936,-0.998784,0
5869,2210,29,280,0,637,152,9177,2217,11394,-0.0214844,0.05864,-0.998048,0
4017,1504,20,184,0,414,101,6240,828,7068,-0.0331273,0.0629562,-0.997467,0
6152,2114,45,294,0,629,159,9393,2070,11463,-0.0322994,0.0738911,-0.996743,0
5795,2090,29,261,0,587,145,8907,1444,10351,-0.041677,0.0803025,-0.995899,0
5220,1914,26,233,0,521,166,8080,1709,9789,-0.0572714,0.0968385,-0.993651,0
5937,1952,28,260,0,583,160,8920,1588,10508,-0.0733192,0.120963,-0.989946,0
5848,1973,28,258,0,577,145,8829,1586,10415,-0.0836337,0.152319,-0.984787,0
5842,1990,31,275,0,575,143,8856,1345,10201,-0.0861356,0.183413,-0.979255,0
6091,2033,31,255,0,605,147,9162,1807,10969,-0.0738519,0.220247,-0.972645,0
5845,1964,30,252,0,573,139,8803,2068,10871,-0.0277906,0.287819,-0.957281,0
4105,982,17,128,0,294,70,5596,805,6401,-0.00752729,0.309088,-0.951004,0
2501,810,13,102,0,239,57,3722,799,4521,0.000557616,0.33788,-0.941189,0
5996,1888,30,232,0,599,145,8890,1919,10809,0.06454,0.404812,-0.91212,0
5814,1639,29,215,0,520,119,8336,1647,9983,0.0879133,0.452603,-0.887368,0
5737,1514,30,238,0,501,117,8137,2144,10281,0.116625,0.510778,-0.851766,0
5700,1380,30,203,0,398,92,7803,1733,9536,0.13784,0.572077,-0.808534,0
5823,1375,34,227,0,452,105,8016,2244,10260,0.137839,0.645782,-0.750977,0
6014,1312,29,199,0,407,97,8058,1644,9702,0.13062,0.69272,-0.70928,0
3928,823,19,117,0,273,63,5223,-1000,-1000,-1,-1,-1,0
5603,1192,26,164,0,395,90,7470,2241,9711,-0.0333574,0.105961,-0.993811,0
5883,1133,27,165,0,452,95,7755,1588,9343,-0.0641577,0.165354,-0.984145,0
5561,1115,27,157,0,384,90,7334,2025,9359,-0.081364,0.216312,-0.972928,0
5611,1212,26,163,0,413,91,7516,1731,9247,-0.111196,0.273822,-0.955331,0
5656,1155,26,179,0,392,95,7503,1902,9405,-0.129209,0.352564,-0.926825,0
5990,1206,28,158,0,365,83,7830,2021,9851,-0.117327,0.401543,-0.908294,0
6209,1008,28,150,0,342,78,7815,2339,10154,-0.0968814,0.478744,-0.872593,0
5439,960,26,138,0,340,76,6979,1815,8794,-0.078267,0.547693,-0.833011,0
5497,891,26,130,0,290,70,6904,1779,8683,-0.0777007,0.600712,-0.79568,0
5283,908,25,132,0,276,68,6692,1296,7988,-0.0361897,0.617253,-0.785931,0
5438,872,26,129,0,271,67,6803,1814,8617,-0.0265734,0.640842,-0.767213,0
5304,854,25,123,0,266,67,6639,-1000,-1000,-1,-1,-1,0
5342,829,24,126,0,267,67,6655,2105,8760,-0.00684736,0.099924,-0.994971,0
4432,627,17,92,0,199,50,5417,1544,6961,-0.0137938,0.144775,-0.989368,0
2903,505,14,73,0,158,40,3693,1472,5165,-0.0138923,0.202622,-0.979159,0
5658,998,26,145,0,309,79,7215,2628,9843,0.00432914,0.268339,-0.963315,0
5562,1134,27,158,0,322,84,7287,2400,9687,0.00463734,0.317693,-0.948182,0
5652,1092,26,158,0,337,85,7350,2681,10031,-0.00921396,0.351249,-0.936237,0
2939,615,14,87,0,189,47,3891,1690,5581,-0.00215049,0.391147,-0.920326,0
5772,1269,29,177,0,382,95,7724,2227,9951,-0.000888952,0.45816,-0.888869,0
6281,1477,32,202,0,420,104,8516,2000,10516,0.0143148,0.510638,-0.859677,0
4006,1109,20,144,0,319,78,5676,1394,7070,0.0386597,0.582313,-0.812045,0
5885,1699,27,225,0,508,124,8468,2094,10562,0.0498715,0.636786,-0.769426,0
6948,1803,26,247,0,554,133,9711,1787,11498,0.0603191,0.675329,-0.735046,0
6125,1982,25,255,0,588,142,9117,-1000,-1000,-1,-1,-1,0
6144,2183,27,275,0,714,164,9507,3492,12999,-0.0154297,0.12085,-0.992551,0
4184,1634,19,197,0,517,116,6667,1731,8398,-0.0216631,0.17654,-0.984055,0
6075,2295,51,285,0,737,167,9610,3054,12664,-0.0126562,0.25235,-0.967553,0
6196,2160,27,274,0,672,158,9487,2705,12192,0.00924161,0.32878,-0.944361,0
5990,2034,27,255,0,620,148,9074,1990,11064,0.00244261,0.438007,-0.898968,0
5991,1806,28,233,0,564,131,8753,2030,10783,-0.0241614,0.510102,-0.859775,0
5748,1559,26,211,0,513,118,8175,1671,9846,-0.0396076,0.591161,-0.805581,0
5288,1176,37,167,0,403,92,7163,1532,8695,-0.0515088,0.660546,-0.749017,0
5622,1139,28,165,0,412,93,7459,-1000,-1000,-1,-1,-1,0
5528,971,29,144,0,347,80,7099,3321,10420,-0.0253694,0.0680262,-0.997361,0
5506,1069,29,154,0,351,84,7193,3109,10302,-0.0423432,0.155448,-0.986936,0
5559,1068,27,156,0,361,86,7257,2048,9305,-0.0500427,0.24687,-0.967756,0
5752,1105,33,185,0,345,88,7508,2126,9634,-0.039094,0.302346,-0.952396,0
5917,1111,26,164,0,360,88,7666,2258,9924,-0.0345562,0.36663,-0.929725,0
5518,1130,26,161,0,363,90,7288,1780,9068,-0.00787074,0.468324,-0.883522,0
5801,1176,22,170,0,369,98,7636,2183,9819,0.0218857,0.590586,-0.806678,0
4081,1053,17,118,0,284,66,5619,1332,6951,0.0429419,0.647208,-0.761103,0
5541,1189,29,167,0,371,93,7390,-1000,-1000,-1,-1,-1,0
5778,1233,23,173,0,373,95,7675,1364,9039,0.0241812,0.210668,-0.977259,0
3851,851,15,119,0,262,66,5164,984,6148,0.0390603,0.36163,-0.931503,0
5806,1355,22,196,0,386,103,7868,1936,9804,0.0605073,0.474493,-0.878177,0
6712,1398,24,195,0,415,105,8849,1507,10356,0.0740673,0.532166,-0.843394,0
5784,1549,25,208,0,445,117,8128,1610,9738,0.0819475,0.594066,-0.800231,0
5821,1656,27,220,0,479,123,8326,1183,9509,0.0855282,0.676079,-0.731849,0
5953,1971,30,248,0,531,136,8869,-1000,-1000,-1,-1,-1,0
4208,1438,19,179,0,393,99,6336,1168,7504,-0.00382015,0.108608,-0.994077,0
5994,1933,44,247,0,538,133,8889,1872,10761,-0.0027043,0.2473,-0.968935,0
5834,1777,30,230,0,515,127,8513,1534,10047,-0.0361144,0.399119,-0.916188,0
5681,1692,30,221,0,488,121,8233,1728,9961,-0.0744781,0.577651,-0.812879,0
4011,1160,17,119,0,240,61,5608,906,6514,-0.0854998,0.623641,-0.777021,0
2157,566,12,75,0,158,40,3008,593,3601,-0.0840602,0.618589,-0.781205,0
2990,789,30,115,0,231,60,4215,784,4999,-0.108631,0.694703,-0.711046,0
5596,1324,29,188,0,384,141,7662,-1000,-1000,-1,-1,-1,0
5562,1154,28,168,0,381,94,7387,2125,9512,-0.0337151,0.247152,-0.96839,0
5636,1057,26,156,0,327,82,7284,1363,8647,-0.0509105,0.325093,-0.944311,0
2722,402,13,72,0,139,33,3381,687,4068,-0.0556252,0.359884,-0.931338,0
2110,311,10,48,0,123,27,2629,733,3362,-0.066675,0.438095,-0.896453,0
5606,740,25,115,0,246,58,6790,2256,9046,-0.106038,0.590273,-0.800208,0
5410,649,31,97,0,216,50,6453,1957,8410,-0.129888,0.656405,-0.743143,0
5329,622,24,109,0,252,76,6412,-1000,-1000,-1,-1,-1,0
3762,367,17,63,0,135,32,4376,1504,5880,-0.0264409,0.150817,-0.988208,0
6271,495,24,88,0,186,45,7109,1453,8562,-0.0306679,0.252065,-0.967224,0
5396,604,25,94,0,202,49,6370,2515,8885,-0.0451083,0.326129,-0.944249,0
5443,682,25,112,0,230,57,6549,2366,8915,-0.0723295,0.425736,-0.901952,0
5432,710,26,114,0,258,65,6605,2077,8682,-0.0965827,0.556506,-0.825211,0
5443,808,26,126,0,276,68,6747,2030,8777,-0.109136,0.621153,-0.776053,0
5563,921,25,141,0,313,77,7040,2011,9051,-0.0837225,0.655299,-0.750716,0
5627,1099,27,167,0,364,93,7377,2300,9677,-0.0522608,0.664052,-0.745858,0
5966,1314,27,186,0,406,103,8002,-1000,-1000,-1,-1,-1,0
3901,993,18,171,0,314,78,5475,2124,7599,-0.0119202,0.0818307,-0.996575,0
5263,1432,26,198,0,481,114,7514,2791,10305,-0.0581729,0.164562,-0.98465,0
5222,1504,24,203,0,460,113,7526,1935,9461,-0.110803,0.240959,-0.96419,0
5903,1736,27,273,0,534,133,8606,2166,10772,-0.174116,0.308361,-0.935199,0
6062,1869,30,272,0,585,143,8961,1758,10719,-0.216448,0.351474,-0.910833,0
6001,2067,28,276,0,611,149,9132,2299,11431,-0.260357,0.415163,-0.871696,0
6021,2222,26,297,0,654,164,9384,2474,11858,-0.291969,0.467329,-0.83448,0
6062,2374,27,302,0,690,182,9637,2641,12278,-0.307225,0.521142,-0.796256,0
6057,2294,28,295,0,696,165,9535,1832,11367,-0.315992,0.559218,-0.766436,0
6571,2056,20,199,0,502,117,9465,1178,10643,-0.324749,0.625133,-0.709751,0
4256,1393,22,235,0,417,103,6426,-1000,-1000,-1,-1,-1,0
5888,1698,28,225,0,526,126,8491,4115,12606,0.00210817,0.113185,-0.993572,0
3973,954,20,130,0,309,74,5460,2291,7751,-0.00775716,0.185813,-0.982555,0
5753,1127,30,165,0,424,97,7596,2100,9696,-0.0241994,0.306055,-0.951707,0
5506,919,28,138,0,321,73,6985,1827,8812,-0.0441775,0.407876,-0.911968,0
5454,716,27,113,0,267,60,6637,2575,9212,-0.0705058,0.515904,-0.85374,0
5319,548,27,93,0,221,48,6256,2343,8599,-0.0802422,0.607612,-0.79017,0
5320,476,27,84,0,199,42,6148,-1000,-1000,-1,-1,-1,0
3749,372,18,63,0,145,32,4379,1453,5832,-0.0119776,0.11885,-0.99284,0
5634,678,26,108,0,306,80,6832,1753,8585,-0.0309571,0.290332,-0.956425,0
6462,688,23,115,0,308,66,7662,2075,9737,-0.0387369,0.421733,-0.905893,0
3811,479,16,77,0,199,44,4626,1624,6250,-0.0353833,0.497208,-0.86691,0
5491,702,21,113,0,255,61,6643,2074,8717,-0.0066923,0.607324,-0.794426,0
5748,1045,28,181,0,377,92,7471,-1000,-1000,-1,-1,-1,0
3029,448,14,68,0,142,35,3736,1031,4767,0.011947,0.134223,-0.990879,0
5794,861,28,161,0,288,76,7208,1694,8902,0.0337247,0.285056,-0.957918,0
6014,1082,22,158,0,330,83,7689,1602,9291,0.048067,0.400184,-0.915174,0
5713,1239,23,177,0,376,96,7624,1845,9469,0.0527206,0.535032,-0.843185,0
5707,1562,24,207,0,441,133,8074,1329,9403,0.0603276,0.646806,-0.760265,0
5886,1860,28,238,0,531,133,8676,-1000,-1000,-1,-1,-1,0
4117,1472,40,182,0,392,101,6304,1036,7340,0.0113354,0.112143,-0.993627,0
6318,1786,27,233,0,539,140,9043,1362,10405,0.0261415,0.270086,-0.962481,0
5204,1490,35,199,0,468,112,7508,1168,8676,0.0198169,0.358495,-0.933321,0
5866,1587,32,233,0,490,119,8327,1408,9735,0.0158814,0.501091,-0.865249,0
5942,1320,30,186,0,399,99,7976,1430,9406,0.0202996,0.640684,-0.767537,0
5564,1091,26,156,0,331,82,7250,-1000,-1000,-1,-1,-1,0
4897,886,22,129,0,286,70,6290,1652,7942,-0.00848681,0.151709,-0.988389,0
5534,805,25,125,0,279,92,6860,1711,8571,-0.0110718,0.322842,-0.946388,0
5344,661,23,105,0,229,54,6416,1960,8376,-0.018787,0.452724,-0.891453,0
5472,556,24,94,0,208,47,6401,1405,7806,-0.0363451,0.573898,-0.81812,0
5727,488,24,85,0,190,44,6558,1454,8012,-0.0472406,0.64484,-0.762857,0
5370,481,25,84,0,224,60,6244,-1000,-1000,-1,-1,-1,0
4999,334,15,58,0,121,29,5556,1399,6955,-0.048932,0.125408,-0.990898,0
5400,453,22,78,0,165,41,6159,1693,7852,-0.0763103,0.309289,-0.947901,0
5061,361,16,60,0,127,32,5657,1042,6699,-0.0905535,0.360807,-0.928234,0
2899,372,13,54,0,106,27,3471,900,4371,-0.0980466,0.377911,-0.920636,0
4483,541,19,89,0,179,46,5357,1635,6992,-0.111036,0.436481,-0.892835,0
5622,745,25,120,0,242,63,6817,1677,8494,-0.113294,0.466,-0.877501,0
5565,804,27,128,0,257,67,6848,2169,9017,-0.0848536,0.452702,-0.887615,0
5717,883,24,138,0,285,73,7120,2347,9467,-0.0701877,0.514364,-0.854695,0
5856,948,27,148,0,308,77,7364,1800,9164,-0.0726875,0.588995,-0.804861,0
5822,1087,50,160,0,338,95,7552,2168,9720,-0.0762685,0.666237,-0.741829,0
3919,848,24,120,0,251,62,5224,-1000,-1000,-1,-1,-1,0
5817,1393,27,186,0,409,102,7934,2811,10745,0.015199,0.105239,-0.994331,0
5737,1412,34,200,0,447,113,7943,2050,9993,0.0298288,0.181795,-0.982884,0
5969,1542,29,282,0,483,122,8427,1681,10108,0.0446987,0.268722,-0.96218,0
3977,1200,17,157,0,354,87,5792,928,6720,0.047007,0.325612,-0.944334,0
5957,1862,25,241,0,542,136,8763,1496,10259,0.0394513,0.403566,-0.914099,0
5912,2060,26,261,0,589,145,8993,1524,10517,0.0165213,0.447951,-0.893906,0
6113,2135,25,276,0,657,188,9394,1168,10562,-0.00205266,0.508612,-0.860993,0
4135,1548,22,201,0,446,111,6463,979,7442,-0.0127125,0.548917,-0.835781,0
6034,2233,28,299,0,704,163,9461,1149,10610,-0.0171234,0.583914,-0.811635,0
5967,2180,25,307,0,649,158,9286,1390,10676,-0.0179635,0.608689,-0.793206,0
6448,2143,26,279,0,628,151,9675,1378,11053,-0.00575227,0.660534,-0.750775,0
4122,1296,17,170,0,397,95,6097,876,6973,-0.00483788,0.703165,-0.71101,0
5936,1711,25,231,0,558,144,8605,-1000,-1000,-1,-1,-1,0
3954,964,18,134,0,313,75,5458,1443,6901,0.00525938,0.082534,-0.996574,0
4568,929,21,138,0,320,97,6073,2672,8745,0.00829349,0.176102,-0.984337,0
5593,1018,30,152,0,361,86,7240,1939,9179,0.000294935,0.194776,-0.980848,0
5509,880,28,132,0,303,70,6922,3108,10030,0.00727172,0.247781,-0.968789,0
5365,726,27,112,0,263,61,6554,1574,8128,0.0196918,0.304908,-0.952178,0
5479,615,26,104,0,238,55,6517,3233,9750,0.0211341,0.375649,-0.926521,0
5357,570,26,93,0,218,49,6313,2154,8467,0.0281621,0.431096,-0.901866,0
5351,522,26,89,0,205,46,6239,2310,8549,0.0317669,0.513992,-0.857207,0
5319,496,35,85,0,198,44,6177,1821,7998,0.0477079,0.601987,-0.79708,0
5441,538,27,92,0,209,49,6356,3118,9474,0.069358,0.702716,-0.708082,0
5445,611,40,101,0,228,53,6478,-1000,-1000,-1,-1,-1,0
5423,646,22,105,0,239,57,6492,2362,8854,0.00545501,0.081461,-0.996662,0
5471,677,21,108,0,241,58,6576,1880,8456,0.0162399,0.201796,-0.979293,0
5647,700,22,114,0,248,60,6791,1794,8585,0.0355894,0.367303,-0.92942,0
5485,773,22,116,0,250,61,6707,2040,8747,0.045225,0.460392,-0.886563,0
6393,803,22,122,0,258,64,7662,1963,9625,0.0759867,0.607985,-0.790304,0
5420,892,22,129,0,282,70,6815,-1000,-1000,-1,-1,-1,0
5759,971,23,154,0,315,79,7301,1924,9225,0.0173065,0.143007,-0.98957,0
5757,1172,27,167,0,350,88,7561,1878,9439,0.0458185,0.296877,-0.953816,0
5688,1301,24,180,0,397,118,7708,1695,9403,0.0322423,0.382496,-0.923394,0
5677,1605,32,233,0,447,114,8108,1277,9385,0.0447153,0.473969,-0.879406,0
5313,1709,25,229,0,486,120,7882,1493,9375,0.057196,0.583034,-0.810432,0
5458,1874,24,232,0,515,130,8233,1422,9655,0.0543998,0.669473,-0.740842,0
3716,1258,19,154,0,367,89,5603,-1000,-1000,-1,-1,-1,0
5744,1669,30,218,0,532,119,8312,1691,10003,0.00330503,0.176399,-0.984313,0
5772,1486,29,226,0,434,108,8055,2308,10363,-0.0152532,0.320542,-0.947111,0
4991,1057,26,146,0,325,80,6625,1152,7777,-0.0256782,0.421473,-0.906478,0
6503,1018,27,154,0,338,82,8122,1752,9874,-0.0495032,0.546234,-0.836169,0
5488,985,26,140,0,313,79,7031,1487,8518,-0.0656374,0.639828,-0.76571,0
5487,927,25,137,0,318,75,6969,-1000,-1000,-1,-1,-1,0
5538,856,25,125,0,282,66,6892,1568,8460,-0.0140214,0.124533,-0.992116,0
5567,695,25,107,0,224,54,6672,1958,8630,-0.0139855,0.274148,-0.961586,0
5367,528,24,90,0,210,54,6273,1772,8045,-0.0228481,0.353409,-0.93519,0
5261,520,24,83,0,185,44,6117,1815,7932,-0.0354059,0.462933,-0.885686,0
4709,423,22,71,0,164,38,5427,1591,7018,-0.0432312,0.53458,-0.844011,0
5343,479,25,80,0,169,42,6138,2266,8404,-0.0519652,0.604273,-0.795081,0
5237,591,26,88,0,181,44,6167,1990,8157,-0.0451765,0.6175,-0.785272,0
5287,554,24,91,0,192,49,6197,1901,8098,-0.0360291,0.659559,-0.750789,0
5304,586,25,95,0,199,51,6260,2228,8488,-0.0425315,0.655533,-0.753968,0
5408,639,25,104,0,208,54,6438,1959,8397,-0.0500318,0.666311,-0.743993,0
3786,463,17,74,0,171,44,4555,1594,6149,-0.0487407,0.677626,-0.73379,0
5982,736,32,143,0,280,66,7239,1843,9082,-0.0415627,0.689464,-0.723126,0
5520,801,27,122,0,248,63,6781,2400,9181,-0.0347111,0.691231,-0.721799,0
5518,777,25,123,0,260,66,6769,-1000,-1000,-1,-1,-1,0
5620,930,25,135,0,276,70,7056,2307,9363,0.0255135,0.131245,-0.991022,0
6078,886,26,137,0,305,72,7504,1324,8828,0.0268657,0.179833,-0.983331,0
2907,490,13,110,0,130,33,3683,840,4523,0.0263039,0.178684,-0.983555,0
2026,353,9,53,0,114,28,2583,783,3366,0.0261693,0.216924,-0.975838,0
5600,1047,29,179,0,336,91,7282,1894,9176,0.038217,0.246265,-0.968449,0
6077,1095,25,162,0,338,86,7783,2272,10055,0.0480447,0.301656,-0.952206,0
5721,851,17,116,0,254,63,7022,1277,8299,0.0465531,0.341586,-0.938697,0
4680,954,22,161,0,340,81,6238,1565,7803,0.032539,0.399174,-0.916298,0
5801,1307,25,184,0,425,99,7841,1786,9627,0.0186419,0.454951,-0.890321,0
6373,1586,30,262,0,450,111,8812,1530,10342,-0.0102125,0.516987,-0.855932,0
5957,1529,27,208,0,504,135,8360,1708,10068,-0.0348617,0.545172,-0.837599,0
5995,1726,24,222,0,504,122,8593,1731,10324,-0.0722019,0.625889,-0.776562,0
6085,1862,31,273,0,383,89,8723,984,9707,-0.091911,0.680322,-0.727128,0
5664,1800,22,226,0,567,127,8406,1297,9703,-0.0888249,0.688121,-0.720139,0
5409,1913,21,240,0,685,210,8478,-1000,-1000,-1,-1,-1,0
5946,2370,24,295,0,653,159,9447,2013,11460,-0.0248683,0.107417,-0.993903,0
6388,2192,25,282,0,657,159,9703,1372,11075,-0.0416478,0.171597,-0.984287,0
4074,1448,18,186,0,447,108,6281,1333,7614,-0.0427974,0.222497,-0.973993,0
6019,2033,24,286,0,718,155,9235,2337,11572,-0.0254525,0.314341,-0.948969,0
5819,1794,45,231,0,759,179,8827,2205,11032,-0.0339535,0.415605,-0.908911,0
5846,1668,27,211,0,487,116,8355,1951,10306,-0.0456996,0.521234,-0.852189,0
5847,1249,26,188,0,419,99,7828,2047,9875,-0.0360573,0.588955,-0.807362,0
5683,1055,27,158,0,387,87,7397,1598,8995,-0.0303276,0.651515,-0.75803,0
5658,910,29,138,0,317,74,7126,-1000,-1000,-1,-1,-1,0
5455,807,28,123,0,287,66,6766,2177,8943,-0.00463248,0.123694,-0.99231,0
5470,675,30,108,0,274,59,6616,2992,9608,0.00266103,0.256371,-0.966575,0
5422,583,26,96,0,216,52,6395,2512,8907,0.00667019,0.439632,-0.898153,0
5570,574,27,96,0,229,58,6554,2302,8856,0.00192252,0.542224,-0.840232,0
3356,301,12,51,0,113,26,3859,908,4767,-0.00157649,0.562461,-0.826822,0
2304,264,11,43,0,94,22,2738,657,3395,0.00393826,0.638157,-0.769897,0
5590,637,22,105,0,229,56,6639,-1000,-1000,-1,-1,-1,0
5540,651,22,108,0,228,56,6605,1917,8522,0.0188801,0.18726,-0.982129,0
5336,621,24,102,0,262,60,6405,1577,7982,0.0238593,0.32859,-0.944171,0
5575,682,22,109,0,234,57,6679,1728,8407,0.0371309,0.475387,-0.878993,0
5454,761,28,149,0,389,86,6867,1747,8614,0.0539247,0.568576,-0.820862,0
5534,851,24,133,0,321,75,6938,1332,8270,0.0820482,0.689003,-0.7201,0
5795,1005,23,148,0,311,78,7360,-1000,-1000,-1,-1,-1,0
3637,712,15,104,0,228,57,4753,929,5682,0.0181229,0.0734071,-0.997137,0
5724,1315,22,186,0,458,104,7809,1570,9379,0.0439485,0.246727,-0.968088,0
5810,1633,26,223,0,498,136,8326,1458,9784,0.0640418,0.405067,-0.912041,0
5897,1971,27,244,0,443,97,8679,1156,9835,0.0622211,0.524292,-0.849262,0
4103,1432,21,200,0,387,103,6246,992,7238,0.0737323,0.599994,-0.7966,0
5448,1745,27,224,0,488,123,8055,-1000,-1000,-1,-1,-1,0
5210,1698,27,214,0,467,118,7734,1168,8902,0.0202244,0.118619,-0.992734,0
3614,1045,19,135,0,305,74,5192,799,5991,0.0279454,0.277117,-0.96043,0
5616,1388,30,191,0,404,99,7728,1624,9352,0.0135456,0.422206,-0.906399,0
5597,1304,26,170,0,368,96,7561,1813,9374,0.012814,0.496188,-0.86812,0
5498,968,26,141,0,314,77,7024,1535,8559,0.0171796,0.586004,-0.810126,0
5614,812,26,128,0,277,68,6925,1458,8383,0.0178528,0.679007,-0.733915,0
5670,670,25,112,0,241,150,6868,-1000,-1000,-1,-1,-1,0
5266,603,24,103,0,223,54,6273,1532,7805,-0.00427644,0.125048,-0.992142,0
5400,564,25,95,0,202,49,6335,1675,8010,-0.0289986,0.237582,-0.970935,0
5325,514,25,88,0,209,47,6208,1372,7580,-0.0541381,0.334038,-0.941004,0
5299,498,26,83,0,174,42,6122,1557,7679,-0.0925612,0.419333,-0.903102,0
5238,442,23,73,0,146,36,5958,1319,7277,-0.115357,0.459192,-0.880816,0
5309,463,24,80,0,158,40,6074,1744,7818,-0.130445,0.508492,-0.851129,0
5256,449,24,77,0,220,50,6076,1624,7700,-0.125466,0.547358,-0.82744,0
5385,473,23,97,0,162,42,6182,1941,8123,-0.132612,0.647179,-0.750716,0
5442,387,16,61,0,120,31,6057,1515,7572,-0.140353,0.664454,-0.734031,0
3017,234,10,40,0,79,20,3400,675,4075,-0.137176,0.663513,-0.735482,0
2521,288,11,46,0,94,24,2984,758,3742,-0.134656,0.692293,-0.708941,0
5424,645,23,104,0,214,55,6465,-1000,-1000,-1,-1,-1,0
6081,688,25,115,0,225,57,7191,2215,9406,-0.00652215,0.045885,-0.998925,0
5628,756,27,117,0,235,60,6823,2074,8897,-0.0216096,0.10861,-0.99385,0
5548,760,26,122,0,248,64,6768,1643,8411,-0.0353089,0.146491,-0.988582,0
5573,780,25,123,0,253,65,6819,2087,8906,-0.047968,0.212499,-0.975983,0
5584,821,24,133,0,273,70,6905,1978,8883,-0.0515183,0.249833,-0.966918,0
5885,865,25,136,0,279,71,7261,1924,9185,-0.0644628,0.283975,-0.956662,0
5485,911,24,142,0,297,76,6935,2009,8944,-0.0604116,0.261205,-0.963391,0
5580,963,47,148,0,311,80,7129,1849,8978,-0.0594872,0.310773,-0.948621,0
5532,1055,24,154,0,331,84,7180,1575,8755,-0.0608878,0.335561,-0.940049,0
5622,1157,26,169,0,367,92,7433,2177,9610,-0.0594133,0.362673,-0.930021,0
5703,1239,26,178,0,394,98,7638,1713,9351,-0.0594747,0.392871,-0.917669,0
5952,1352,26,195,0,423,107,8055,1931,9986,-0.0439863,0.466588,-0.88338,0
5935,1446,27,202,0,453,113,8176,1655,9831,-0.0357548,0.525316,-0.850155,0
4053,1120,18,149,0,372,82,5794,1348,7142,-0.0441306,0.596673,-0.80127,0
5493,1567,25,232,0,465,143,7925,1493,9418,-0.0442604,0.64614,-0.761934,0
6083,1964,26,254,0,575,141,9043,-1000,-1000,-1,-1,-1,0
4135,1489,19,191,0,477,113,6424,1212,7636,-0.0124949,0.0483219,-0.998754,0
6051,2302,37,288,0,667,161,9506,2716,12222,-0.0218439,0.146651,-0.988947,0
6011,2232,26,287,0,688,164,9408,2445,11853,-0.0139291,0.215682,-0.976364,0
5368,1821,23,233,0,564,133,8142,2326,10468,0.00586348,0.324674,-0.945808,0
5879,1774,36,233,0,564,131,8617,2031,10648,0.0484084,0.399887,-0.915285,0
5883,1599,29,211,0,566,151,8439,2323,10762,0.0961503,0.499659,-0.860869,0
5223,1191,24,167,0,396,93,7094,1890,8984,0.128451,0.58154,-0.803313,0
5627,1389,30,179,0,411,95,7731,2130,9861,0.174216,0.667467,-0.723973,0
5528,1083,27,154,0,368,84,7244,-1000,-1000,-1,-1,-1,0
5637,935,26,140,0,329,76,7143,3077,10220,-0.00318338,0.0990824,-0.995074,0
5442,806,27,141,0,291,66,6773,2820,9593,-0.00895436,0.197079,-0.980347,0
5528,660,28,109,0,259,56,6640,1971,8611,-0.00850034,0.3331,-0.942854,0
5537,657,26,104,0,257,55,6636,2103,8739,-0.0023354,0.414358,-0.910111,0
5599,714,27,114,0,298,64,6816,1988,8804,0.007093,0.498828,-0.866672,0
5450,787,25,116,0,280,63,6721,1229,7950,0.0390343,0.587553,-0.808244,0
5490,853,22,124,0,283,67,6839,1855,8694,0.0982183,0.67788,-0.728582,0
3885,573,16,87,0,197,47,4805,-1000,-1000,-1,-1,-1,0
5507,819,24,125,0,298,70,6843,1957,8800,0.135344,0.207276,-0.968875,0
5483,871,23,133,0,299,74,6883,1212,8095,0.18032,0.254166,-0.950202,0
2909,511,12,77,0,174,43,3726,969,4695,0.201961,0.264105,-0.943112,0
2631,545,11,77,0,171,45,3480,836,4316,0.286046,0.346545,-0.893356,0
5944,1320,23,189,0,413,104,7993,1525,9518,0.37128,0.406209,-0.834952,0
5899,1587,23,217,0,477,119,8322,2414,10736,0.450041,0.452344,-0.769967,0
5941,1985,25,285,0,542,141,8919,-1000,-1000,-1,-1,-1,0
5938,2155,26,267,0,607,150,9143,1744,10887,0.202826,0.190729,-0.96046,0
5219,1621,18,196,0,463,112,7629,750,8379,0.24847,0.249904,-0.935848,0
2393,850,11,105,0,241,58,3658,509,4167,0.256332,0.265595,-0.929383,0
2298,943,11,112,0,260,62,3686,597,4283,0.267044,0.278804,-0.922473,0
5863,2082,28,266,0,906,235,9380,1190,10570,0.415347,0.500293,-0.759733,0
6105,2015,21,180,0,417,98,8836,1141,9977,0.419865,0.537936,-0.730984,0
2459,810,13,114,0,244,58,3698,688,4386,0.42438,0.55051,-0.718916,0
5856,1803,34,235,0,545,128,8601,-1000,-1000,-1,-1,-1,0
5687,1826,31,207,0,469,110,8330,1075,9405,0.0274134,0.0673031,-0.997356,0
5697,1359,27,191,0,428,102,7804,1568,9372,0.0583487,0.194274,-0.979211,0
5637,1254,29,197,0,404,101,7622,1668,9290,0.0924368,0.31403,-0.944903,0
5585,1095,27,159,0,386,92,7344,1542,8886,0.107393,0.408098,-0.9066,0
5672,996,27,145,0,329,78,7247,1412,8659,0.112115,0.466788,-0.877234,0
5734,1043,27,135,0,298,70,7307,1565,8872,0.103955,0.539905,-0.835282,0
5781,679,24,129,0,246,57,6916,1389,8305,0.095484,0.602394,-0.792467,0
5420,654,25,105,0,244,55,6503,1442,7945,0.0711847,0.657741,-0.749873,0
5314,579,34,96,0,222,51,6296,-1000,-1000,-1,-1,-1,0
5387,538,23,94,0,207,47,6296,1762,8058,-0.0166622,0.101054,-0.994741,0
5432,694,31,125,0,308,75,6665,1923,8588,-0.020929,0.165221,-0.986035,0
5338,529,24,85,0,185,43,6204,1585,7789,-0.0225812,0.247376,-0.968656,0
5831,450,27,82,0,181,42,6613,1896,8509,-0.015438,0.275862,-0.961073,0
5341,444,24,82,0,180,41,6112,1703,7815,-0.00816492,0.322441,-0.946555,0
5219,452,40,101,0,225,59,6096,2195,8291,0.00112883,0.353214,-0.935542,0
5604,526,26,109,0,178,45,6488,1962,8450,0.0142575,0.399131,-0.916783,0
5201,472,25,82,0,183,43,6006,1766,7772,0.00386268,0.443001,-0.896513,0
5401,488,25,88,0,187,45,6234,2181,8415,-0.0103786,0.491514,-0.870808,0
5542,549,31,118,0,196,48,6484,2285,8769,-0.00923588,0.600279,-0.799737,0
5077,391,43,81,0,139,45,5776,1482,7258,-0.00845013,0.61298,-0.790053,0
2405,241,11,39,0,84,32,2812,789,3601,-0.0106797,0.60723,-0.794455,0
2452,273,12,46,0,94,22,2899,899,3798,-0.00943975,0.666866,-0.745118,0
5444,732,28,119,0,245,60,6628,-1000,-1000,-1,-1,-1,0
5538,772,26,126,0,262,65,6789,1559,8348,0.000691931,0.0706648,-0.9975,0
5743,864,29,160,0,290,74,7160,2077,9237,-0.0312176,0.137951,-0.989947,0
5803,1160,26,183,0,376,111,7659,1485,9144,-0.0642983,0.191699,-0.979345,0
5555,1162,26,165,0,351,88,7347,2068,9415,-0.0874472,0.230971,-0.969023,0
5934,1196,27,178,0,381,95,7811,2246,10057,-0.1068,0.287977,-0.951663,0
5875,1392,29,198,0,423,108,8025,1740,9765,-0.124794,0.333464,-0.934467,0
5663,1462,27,219,0,409,105,7885,1452,9337,-0.159895,0.433819,-0.886699,0
5252,1546,25,205,0,452,112,7592,1545,9137,-0.167995,0.455936,-0.874014,0
5403,1770,24,222,0,489,123,8031,1415,9446,-0.219278,0.521939,-0.824316,0
5897,1905,24,237,0,550,163,8776,1612,10388,-0.246963,0.561056,-0.790079,0
5724,2036,23,304,0,621,148,8856,1098,9954,-0.29572,0.630196,-0.717915,0
5056,2003,34,250,0,595,141,8079,-1000,-1000,-1,-1,-1,0
6223,2752,29,330,0,755,186,10275,1524,11799,-0.0343409,0.0572106,-0.997772,0
6217,2794,27,329,0,769,186,10322,1854,12176,-0.082265,0.0984313,-0.991738,0
4461,1911,18,231,0,533,130,7284,1215,8499,-0.128274,0.148143,-0.980612,0
6293,3197,29,333,0,800,190,10842,1639,12481,-0.181867,0.203814,-0.961969,0
4169,1887,18,282,0,552,132,7040,1261,8301,-0.208039,0.26354,-0.941948,0
6055,2464,29,315,0,740,176,9779,2144,11923,-0.233072,0.311427,-0.921244,0
6811,2562,31,332,0,777,210,10723,1456,12179,-0.265686,0.366387,-0.891724,0
4475,1664,29,211,0,525,121,7025,1474,8499,-0.292957,0.410571,-0.863486,0
6943,2095,27,259,0,671,149,10144,1923,12067,-0.344466,0.45268,-0.82245,0
3991,1304,18,163,0,387,90,5953,1461,7414,-0.377211,0.468408,-0.798941,0
7330,1876,30,242,0,507,117,10102,2011,12113,-0.449188,0.50612,-0.736256,0
5822,1545,25,181,0,328,95,7996,-1000,-1000,-1,-1,-1,0
3027,606,16,88,0,213,49,3999,1648,5647,-0.0245805,0.0661142,-0.997509,0
5723,1001,36,173,0,348,82,7363,3948,11311,-0.0632593,0.122497,-0.990451,0
5932,872,27,154,0,325,79,7389,3432,10821,-0.12022,0.156238,-0.980376,0
3933,737,20,91,0,225,51,5057,2185,7242,-0.197329,0.203779,-0.958924,0
5594,840,29,127,0,291,67,6948,2778,9726,-0.254487,0.220558,-0.94159,0
5466,825,28,123,0,302,88,6832,2675,9507,-0.304388,0.245237,-0.920438,0
5632,1078,36,193,0,384,93,7416,2460,9876,-0.3677,0.301798,-0.87961,0
5583,827,28,130,0,305,70,6943,2251,9194,-0.456451,0.35749,-0.814772,0
5677,892,26,155,0,406,118,7274,1911,9185,-0.521457,0.382246,-0.76287,0
5649,975,35,147,0,324,78,7208,-1000,-1000,-1,-1,-1,0
6363,1132,27,164,0,347,86,8119,2053,10172,-0.0638218,0.0462118,-0.996891,0
5577,1088,23,161,0,483,123,7455,2219,9674,-0.136945,0.0880029,-0.986662,0
5042,1226,22,178,0,353,91,6912,1495,8407,-0.201706,0.120958,-0.971949,0
5910,1937,25,205,0,452,115,8644,1845,10489,-0.261988,0.121843,-0.957349,0
5863,1545,25,208,0,452,116,8209,1697,9906,-0.381642,0.181837,-0.906248,0
5878,1672,25,220,0,485,123,8403,1693,10096,-0.488066,0.249665,-0.836337,0
5953,2385,29,322,0,660,188,9537,1987,11524,-0.607486,0.304097,-0.733816,0
4096,1350,16,172,0,411,98,6143,1131,7274,-0.594796,0.265822,-0.758654,0
5943,2176,26,263,0,600,146,9154,-1000,-1000,-1,-1,-1,0
5977,2353,27,282,0,634,157,9430,1583,11013,-0.109348,0.0925491,-0.989685,0
6084,2569,27,306,0,720,174,9880,1256,11136,-0.200116,0.141182,-0.969547,0
4131,1882,19,223,0,527,128,6910,1371,8281,-0.275698,0.168509,-0.946359,0
6041,2688,30,317,0,709,176,9961,1841,11802,-0.419099,0.181405,-0.889634,0
6088,2636,29,316,0,697,175,9941,870,10811,-0.530691,0.190599,-0.825857,0
5585,2484,27,298,0,663,166,9223,1413,10636,-0.661062,0.170374,-0.730732,0
6218,3036,29,357,0,795,200,10635,-1000,-1000,-1,-1,-1,0
6354,3275,37,404,0,812,209,11091,1279,12370,-0.139646,-0.00471989,-0.99019,0
4307,2281,20,268,0,578,179,7633,874,8507,-0.199917,0.0257303,-0.979475,0
6357,3214,30,383,0,802,221,11007,1279,12286,-0.313674,0.00205018,-0.949529,0
6129,3133,29,371,0,777,207,10646,959,11605,-0.190953,0.0241358,-0.981303,0
5523,2663,26,320,0,663,180,9375,1309,10684,-0.277543,-0.0079319,-0.96068,0
6050,2739,27,340,0,700,188,10044,1210,11254,-0.343781,-0.0438115,-0.938027,0
5403,2407,23,297,0,613,162,8905,1116,10021,-0.428248,-0.100572,-0.898047,0
5937,2501,48,332,0,659,196,9673,1403,11076,-0.489903,-0.15318,-0.858214,0
5943,2348,27,298,0,595,164,9375,1240,10615,-0.535494,-0.181013,-0.824913,0
3114,1048,12,113,0,231,63,4581,507,5088,-0.549065,-0.20103,-0.811243,0
5898,1880,30,291,0,535,160,8794,1117,9911,-0.617847,-0.252432,-0.744677,0
5787,1180,19,151,0,305,82,7524,851,8375,-0.634153,-0.262795,-0.727179,0
2992,781,13,106,0,212,57,4161,631,4792,-0.205725,-0.0791912,-0.9754,0
5725,1413,28,194,0,397,108,7865,1735,9600,-0.199077,-0.104087,-0.97444,0
5759,1319,50,187,0,370,102,7787,1837,9624,-0.19404,-0.109695,-0.974842,0
5697,1292,27,179,0,346,95,7636,1855,9491,-0.170501,-0.1019,-0.980074,0
6004,1120,26,167,0,327,89,7733,1621,9354,-0.168654,-0.115788,-0.978851,0
3902,701,18,103,0,211,74,5009,1208,6217,-0.164226,-0.105525,-0.980762,0
6410,1008,28,163,0,285,88,7982,1817,9799,-0.157832,-0.0984859,-0.982543,0
5560,828,26,128,0,267,67,6876,1586,8462,-0.155911,-0.118281,-0.980664,0
6009,744,25,131,0,244,63,7216,1397,8613,-0.190771,-0.194862,-0.962099,0
5396,671,25,109,0,275,63,6539,1858,8397,-0.202955,-0.205151,-0.957456,0
5400,645,50,111,0,227,55,6488,1761,8249,-0.194942,-0.221143,-0.955559,0
5364,657,27,108,0,232,56,6444,2364,8808,-0.190615,-0.271324,-0.943424,0
5579,664,25,112,0,240,56,6676,2491,9167,-0.206957,-0.345699,-0.915239,0
5435,702,26,112,0,315,68,6658,2419,9077,-0.191024,-0.418935,-0.887696,0
5612,768,25,123,0,275,65,6868,1956,8824,-0.20134,-0.546082,-0.813177,0
4200,596,18,93,0,209,50,5166,1152,6318,-0.20148,-0.546023,-0.813182,0
3228,432,12,67,0,173,37,3949,880,4829,-0.204279,-0.545229,-0.813016,0
2283,464,10,67,0,163,37,3024,1095,4119,-0.224002,-0.591963,-0.774211,0
6147,1397,28,187,0,399,99,8257,1963,10220,-0.249307,-0.649219,-0.718582,0
5725,1366,26,192,0,570,157,8036,-1000,-1000,-1,-1,-1,0
4051,1089,20,169,0,355,84,5768,2369,8137,-0.0276717,-0.106441,-0.993934,0
5241,1677,31,296,0,635,118,7998,2019,10017,-0.0278748,-0.182512,-0.982809,0
5327,1621,23,209,0,475,115,7770,1554,9324,-0.0341508,-0.272187,-0.961639,0
6690,1873,25,250,0,574,140,9552,1984,11536,-0.0455881,-0.342277,-0.938493,0
6023,2096,25,266,0,602,147,9159,1187,10346,-0.0472053,-0.42658,-0.903217,0
3875,1313,16,184,0,429,99,5916,1101,7017,-0.0556178,-0.497477,-0.865692,0
6586,2118,25,267,0,611,144,9751,1424,11175,-0.0725552,-0.592486,-0.802307,0
5984,1828,25,246,0,577,136,8796,1556,10352,-0.105031,-0.640469,-0.760768,0
6031,1726,31,275,0,550,129,8742,-1000,-1000,-1,-1,-1,0
5844,1399,28,194,0,466,110,8041,2727,10768,-0.0154948,-0.122429,-0.992356,0
5131,1052,24,181,0,359,83,6830,2494,9324,-0.031977,-0.238835,-0.970533,0
5514,976,27,141,0,336,81,7075,2015,9090,-0.0404465,-0.322819,-0.945596,0
5490,789,25,123,0,288,67,6782,2155,8937,-0.0816591,-0.52887,-0.844765,0
5347,751,25,105,0,237,55,6520,1737,8257,-0.0858071,-0.580521,-0.809711,0
2782,283,14,46,0,108,24,3257,938,4195,-0.0872229,-0.59914,-0.795879,0
5302,528,27,91,0,205,47,6200,1376,7576,-0.0856267,-0.683266,-0.725131,0
5536,539,24,94,0,255,63,6511,-1000,-1000,-1,-1,-1,0
5528,602,23,98,0,221,52,6524,2238,8762,-0.000658729,-0.11272,-0.993627,0
5498,630,22,119,0,239,64,6572,1898,8470,0.00192391,-0.271611,-0.962405,0
5365,708,21,109,0,247,60,6510,2330,8840,-0.0200371,-0.395241,-0.918359,0
5551,746,21,114,0,255,62,6749,2477,9226,-0.0406299,-0.5207,-0.852773,0
5331,756,36,116,0,260,64,6563,1859,8422,-0.0575776,-0.627459,-0.776518,0
5642,811,21,128,0,277,72,6951,-1000,-1000,-1,-1,-1,0
5460,910,23,136,0,310,76,6915,1800,8715,-0.0177226,-0.120146,-0.992598,0
5646,1014,24,154,0,335,84,7257,2254,9511,-0.0222143,-0.280027,-0.959735,0
5649,1197,25,176,0,380,96,7523,1618,9141,-0.0299011,-0.422967,-0.905652,0
3943,1045,17,141,0,330,77,5553,1172,6725,-0.0227204,-0.513494,-0.857792,0
5785,1633,26,221,0,480,122,8267,1591,9858,-0.0291529,-0.623309,-0.781432,0
6542,1771,27,240,0,516,130,9226,-1000,-1000,-1,-1,-1,0
3930,1154,18,152,0,427,90,5771,1174,6945,0.0106404,-0.134735,-0.990825,0
5758,1502,27,208,0,466,114,8075,1493,9568,-0.000988803,-0.292916,-0.956138,0
5326,1541,31,230,0,430,129,7687,1796,9483,0.0186784,-0.38811,-0.921424,0
5679,1055,29,157,0,357,83,7360,1342,8702,0.0449621,-0.492305,-0.869261,0
5466,908,28,139,0,317,75,6933,1606,8539,0.0519625,-0.592185,-0.804125,0
6199,826,26,128,0,284,67,7530,-1000,-1000,-1,-1,-1,0
3788,491,16,77,0,177,41,4590,1449,6039,0.00268396,-0.10469,-0.994502,0
5572,639,32,137,0,234,56,6670,2097,8767,0.00520876,-0.257013,-0.966394,0
5381,621,23,96,0,270,58,6449,1613,8062,0.00754943,-0.385591,-0.922639,0
5392,570,26,94,0,206,48,6336,1603,7939,0.0289153,-0.512639,-0.858118,0
5309,537,38,90,0,200,46,6220,1677,7897,0.0310376,-0.59538,-0.802844,0
5355,547,25,89,0,191,48,6255,3459,9714,0.0498785,-0.704995,-0.707456,0
5205,494,25,83,0,176,44,6027,-1000,-1000,-1,-1,-1,0
5350,521,24,90,0,181,46,6212,1495,7707,0.034842,-0.159315,-0.986613,0
5278,570,25,119,0,194,52,6238,1814,8052,0.0675524,-0.235901,-0.969426,0
5423,663,27,111,0,213,56,6493,1845,8338,0.0875846,-0.283742,-0.954892,0
5485,720,26,114,0,233,61,6639,1914,8553,0.10061,-0.338708,-0.935497,0
6535,918,42,148,0,294,75,8012,1911,9923,0.0944731,-0.331314,-0.938779,0
5517,874,25,137,0,287,73,6913,1872,8785,0.0977838,-0.423961,-0.900386,0
5612,990,26,147,0,316,80,7171,2402,9573,0.0894882,-0.481055,-0.872111,0
5589,1111,28,177,0,349,89,7343,2281,9624,0.0743081,-0.52973,-0.844905,0
5309,1103,25,163,0,344,88,7032,1575,8607,0.0525723,-0.62745,-0.77688,0
6313,1428,29,199,0,444,110,8523,2249,10772,0.0301825,-0.68277,-0.73001,0
5895,1601,29,217,0,467,117,8326,-1000,-1000,-1,-1,-1,0
4036,1170,17,159,0,361,90,5833,2388,8221,0.0103903,-0.0868139,-0.996171,0
6009,1977,27,283,0,559,138,8993,1506,10499,0.0418214,-0.196409,-0.97963,0
5883,2123,27,286,0,604,151,9074,1684,10758,0.0667517,-0.277827,-0.958309,0
5360,1972,24,297,0,572,139,8364,1605,9969,0.0815414,-0.381217,-0.920883,0
5911,2086,26,276,0,645,156,9100,1768,10868,0.087996,-0.447704,-0.889841,0
5976,2005,25,263,0,629,148,9046,1862,10908,0.0739108,-0.496162,-0.865078,0
5878,1941,28,249,0,578,139,8813,1617,10430,0.10858,-0.675063,-0.729727,0
5872,1207,19,156,0,353,87,7694,-1000,-1000,-1,-1,-1,0
2443,552,12,77,0,182,42,3308,714,4022,-0.000342249,-0.0458964,-0.998946,0
1942,323,11,49,0,115,27,2467,878,3345,-0.00459999,-0.103208,-0.994649,0
5451,725,26,115,0,262,63,6642,1933,8575,-0.028071,-0.225991,-0.973725,0
5296,579,42,95,0,210,51,6273,2136,8409,-0.024988,-0.298053,-0.954222,0
5543,508,27,89,0,193,46,6406,1781,8187,-0.0282428,-0.502979,-0.863838,0
5495,547,26,91,0,191,45,6395,1872,8267,-0.0319422,-0.613115,-0.789348,0
5340,548,25,91,0,210,52,6266,2260,8526,-0.0389095,-0.694061,-0.718864,0
5381,580,41,97,0,242,56,6397,-1000,-1000,-1,-1,-1,0
5341,616,23,101,0,222,54,6357,1977,8334,-0.00393836,-0.132387,-0.99119,0
5456,719,22,109,0,252,59,6617,1823,8440,-0.0288239,-0.305687,-0.951696,0
5618,675,47,109,0,238,59,6746,1908,8654,-0.0567415,-0.529529,-0.846392,0
5513,734,22,115,0,251,64,6699,1982,8681,-0.0552894,-0.580299,-0.812525,0
3757,554,16,85,0,186,47,4645,1014,5659,-0.0578364,-0.582231,-0.810963,0
2346,412,10,60,0,131,33,2992,802,3794,-0.0669475,-0.600968,-0.796464,0
5563,1111,23,162,0,350,90,7299,1993,9292,-0.0751942,-0.6938,-0.716232,0
5999,1314,25,235,0,431,130,8134,-1000,-1000,-1,-1,-1,0
5503,1431,25,186,0,395,102,7642,1557,9199,0.00399492,-0.14925,-0.988791,0
5574,1486,24,204,0,437,112,7837,1456,9293,0.00795556,-0.257553,-0.966232,0
5423,1729,30,228,0,572,130,8112,1838,9950,0.00962797,-0.339166,-0.940677,0
5263,1680,27,215,0,475,118,7778,1476,9254,0.0227159,-0.420793,-0.906873,0
5710,1712,31,229,0,492,123,8297,1665,9962,0.0355167,-0.50316,-0.863463,0
5814,1610,29,217,0,506,121,8297,1850,10147,0.0470715,-0.602223,-0.796939,0
5709,1429,29,195,0,442,107,7911,1753,9664,0.0564469,-0.687113,-0.724354,0
5697,1175,39,174,0,372,90,7547,-1000,-1000,-1,-1,-1,0
5574,1055,27,153,0,332,82,7223,1538,8761,0.0240941,-0.146881,-0.988861,0
5531,952,29,143,0,305,76,7036,1877,8913,0.0573749,-0.304743,-0.950705,0
5338,796,26,122,0,267,66,6615,1762,8377,0.0780635,-0.421238,-0.903585,0
5495,706,26,112,0,241,58,6638,1867,8505,0.0770695,-0.523117,-0.848769,0
5287,659,25,104,0,229,54,6358,1731,8089,0.0992149,-0.578903,-0.809338,0
5357,611,24,109,0,224,52,6377,1599,7976,0.120631,-0.661726,-0.739978,0
5286,573,25,102,0,215,50,6251,3982,10233,0.123733,-0.691938,-0.711275,0
5326,538,24,103,0,206,49,6246,-1000,-1000,-1,-1,-1,0
4714,474,22,81,0,175,42,5508,2033,7541,0.015867,-0.074909,-0.997064,0
5226,514,25,91,0,191,48,6095,2277,8372,0.059873,-0.181583,-0.981551,0
5186,508,36,85,0,182,44,6041,2011,8052,0.0906115,-0.259014,-0.961614,0
5529,497,24,112,0,179,47,6388,2652,9040,0.0841036,-0.249536,-0.964706,0
5253,542,24,93,0,196,48,6156,2136,8292,0.0836323,-0.312398,-0.946263,0
5426,612,25,103,0,257,59,6482,1945,8427,0.127966,-0.439437,-0.889112,0
5783,1004,60,155,0,316,87,7405,2002,9407,0.133128,-0.446726,-0.884711,0
5551,752,26,119,0,266,66,6780,1401,8181,0.153787,-0.528712,-0.834753,0
6157,952,28,135,0,274,70,7616,2224,9840,0.132163,-0.525037,-0.840755,0
5982,875,26,174,0,298,108,7463,1796,9259,0.0982328,-0.610449,-0.78594,0
3867,513,13,78,0,167,41,4679,921,5600,0.102307,-0.643094,-0.758922,0
2473,532,14,79,0,166,42,3306,1031,4337,0.0895201,-0.676245,-0.731217,0
5636,1126,27,163,0,357,91,7400,-1000,-1000,-1,-1,-1,0
5749,1379,26,184,0,422,109,7869,2556,10425,0.0158998,-0.113479,-0.993413,0
5681,1373,28,192,0,419,106,7799,2540,10339,0.0107599,-0.166914,-0.985913,0
6126,1556,26,215,0,460,115,8498,1863,10361,-0.0182785,-0.244215,-0.969549,0
5447,1886,24,204,0,442,110,8113,2015,10128,-0.0502973,-0.321055,-0.945724,0
5349,1570,23,245,0,485,121,7793,1657,9450,-0.0609481,-0.372969,-0.92584,0
5825,1960,26,279,0,586,168,8844,1266,10110,-0.0707367,-0.487368,-0.870327,0
5981,2258,27,281,0,623,155,9325,1810,11135,-0.0634646,-0.582482,-0.810362,0
6119,2251,25,308,0,657,162,9522,2623,12145,-0.0393412,-0.650919,-0.758127,0
5905,2298,26,294,0,658,171,9352,-1000,-1000,-1,-1,-1,0
4095,1190,14,165,0,349,86,5899,968,6867,0.00496559,-0.0442308,-0.999009,0
2120,746,10,99,0,227,55,3257,863,4120,-0.00344505,-0.0476411,-0.998859,0
1921,632,9,82,0,195,49,2888,1112,4000,0.0178705,-0.107944,-0.993996,0
5810,1736,25,241,0,518,130,8460,1614,10074,0.0439182,-0.211814,-0.976323,0
6676,1708,36,221,0,462,164,9267,860,10127,0.0321819,-0.279989,-0.959464,0
5650,1202,28,187,0,401,112,7580,1435,9015,0.0324669,-0.336549,-0.941106,0
5996,1237,31,155,0,337,109,7865,1593,9458,0.0554002,-0.424858,-0.903564,0
5459,1021,34,189,0,385,95,7183,1895,9078,0.0677941,-0.517451,-0.853023,0
5392,564,24,98,0,230,62,6370,1693,8063,0.0690519,-0.613412,-0.786739,0
5430,480,27,84,0,182,42,6245,2005,8250,0.0680592,-0.697239,-0.7136,0
5157,428,26,75,0,164,38,5888,-1000,-1000,-1,-1,-1,0
5405,494,25,83,0,175,41,6223,2341,8564,0.0175521,-0.105298,-0.994286,0
5322,467,26,83,0,184,44,6126,1989,8115,0.0446607,-0.160642,-0.986002,0
5482,592,24,94,0,195,47,6434,2151,8585,0.072439,-0.287835,-0.954937,0
5345,542,23,91,0,202,49,6252,1888,8140,0.0956121,-0.396304,-0.913127,0
5558,633,22,116,0,302,80,6711,2165,8876,0.104224,-0.519203,-0.848272,0
5359,643,22,105,0,224,55,6408,2607,9015,0.128212,-0.58452,-0.801185,0
5514,672,67,111,0,228,57,6649,2190,8839,0.143619,-0.671579,-0.726881,0
5361,711,22,113,0,237,61,6505,-1000,-1000,-1,-1,-1,0
5680,780,23,128,0,265,67,6943,1809,8752,-0.00946924,-0.159811,-0.987102,0
5482,938,24,140,0,328,80,6992,1664,8656,-0.0200544,-0.243236,-0.96976,0
5793,1137,23,173,0,393,98,7617,1376,8993,-0.0340563,-0.395809,-0.917701,0
5619,1413,24,198,0,425,110,7789,1482,9271,-0.0460944,-0.517223,-0.854609,0
5918,1696,26,227,0,482,125,8474,1661,10135,-0.0633593,-0.646212,-0.760523,0
5776,1922,26,261,0,540,139,8664,1817,10481,-0.0636692,-0.699227,-0.712059,0
5948,1933,30,254,0,545,138,8848,-1000,-1000,-1,-1,-1,0
4052,1241,19,159,0,371,90,5932,1304,7236,-0.00143177,-0.114107,-0.993467,0
4501,1065,21,147,0,382,116,6232,1313,7545,-0.000562498,-0.235336,-0.971914,0
5681,1322,29,182,0,420,103,7737,1738,9475,0.0326145,-0.292188,-0.955805,0
5933,1136,28,165,0,388,90,7740,1542,9282,0.0878856,-0.365848,-0.926516,0
5585,1268,31,145,0,372,82,7483,1679,9162,0.125489,-0.420501,-0.898572,0
5430,883,27,136,0,308,73,6857,1619,8476,0.155907,-0.45987,-0.874192,0
5754,826,27,130,0,284,69,7090,1569,8659,0.181892,-0.510774,-0.840254,0
5394,845,24,122,0,282,70,6737,1889,8626,0.224533,-0.57108,-0.78959,0
5431,762,26,118,0,267,62,6666,1549,8215,0.272175,-0.618041,-0.737527,0
6171,738,24,118,0,262,61,7374,-1000,-1000,-1,-1,-1,0
3710,493,18,77,0,177,41,4516,1416,5932,0.0340648,-0.0875312,-0.995579,0
5765,706,25,128,0,254,60,6938,1699,8637,0.0767273,-0.17269,-0.981983,0
5401,696,23,115,0,252,59,6546,2024,8570,0.10579,-0.231224,-0.967132,0
5472,699,24,112,0,255,59,6621,2001,8622,0.148465,-0.311606,-0.938541,0
5453,712,25,121,0,250,58,6619,1638,8257,0.172631,-0.395843,-0.901946,0
5399,730,24,111,0,245,59,6568,2354,8922,0.160393,-0.449303,-0.878863,0
5446,641,24,112,0,248,59,6530,2230,8760,0.152013,-0.498943,-0.853199,0
5330,647,25,100,0,216,52,6370,2132,8502,0.143855,-0.536389,-0.831621,0
6098,578,25,100,0,206,50,7057,1638,8695,0.138139,-0.617504,-0.774342,0
5389,544,24,116,0,193,47,6313,2122,8435,0.118615,-0.669401,-0.733371,0
5295,527,28,90,0,189,47,6176,-1000,-1000,-1,-1,-1,0
5410,601,23,114,0,200,52,6400,1893,8293,0.0012586,-0.0955315,-0.995426,0
5267,646,22,111,0,216,56,6318,1692,8010,0.00507783,-0.153717,-0.988102,0
5446,706,23,111,0,231,68,6585,2041,8626,0.0301058,-0.212377,-0.976724,0
5524,763,25,121,0,352,82,6867,2001,8868,0.0417778,-0.248561,-0.967715,0
5603,857,24,133,0,273,70,6960,1863,8823,0.0438166,-0.271507,-0.961438,0
5562,939,25,139,0,291,76,7032,2259,9291,0.0302902,-0.285067,-0.958029,0
5562,1026,25,153,0,322,121,7209,2354,9563,0.0190049,-0.341348,-0.939745,0
5667,1171,25,171,0,361,92,7487,2250,9737,0.0068032,-0.393602,-0.919256,0
5831,1407,37,192,0,399,102,7968,2095,10063,0.0128994,-0.435157,-0.900262,0
5634,1477,25,203,0,446,113,7898,1672,9570,0.00426998,-0.470773,-0.882244,0
6260,1599,26,215,0,467,117,8684,1696,10380,0.0102785,-0.563925,-0.825762,0
5977,1711,26,231,0,514,128,8587,1062,9649,0.0325719,-0.630813,-0.775251,0
5227,1700,48,222,0,494,123,7814,1556,9370,0.0437323,-0.701559,-0.711268,0
5913,2023,27,262,0,577,143,8945,-1000,-1000,-1,-1,-1,0
5487,1935,42,246,0,556,140,8406,2621,11027,0.0254867,-0.0984955,-0.994811,0
5498,2235,26,262,0,578,176,8775,1619,10394,0.0204784,-0.164151,-0.986223,0
5990,2386,39,290,0,665,164,9534,1818,11352,0.0370903,-0.230731,-0.972311,0
7004,2336,26,300,0,683,166,10515,1423,11938,0.042901,-0.302342,-0.952234,0
6055,2420,28,296,0,683,181,9663,1420,11083,0.0309233,-0.360362,-0.9323,0
4122,1428,19,187,0,431,103,6290,1061,7351,0.0264135,-0.407486,-0.912829,0
5883,1934,27,248,0,591,140,8823,1790,10613,0.0414857,-0.491465,-0.869909,0
6148,1775,41,233,0,526,151,8874,1877,10751,0.0698648,-0.538742,-0.839569,0
6213,1494,25,207,0,532,122,8593,1501,10094,0.111143,-0.598177,-0.79362,0
5631,1304,57,180,0,421,99,7692,1608,9300,0.148899,-0.634081,-0.758795,0
5739,1177,27,165,0,385,89,7582,1942,9524,0.189341,-0.676647,-0.711547,0
5662,961,27,141,0,358,79,7228,-1000,-1000,-1,-1,-1,0
3575,453,17,70,0,152,35,4302,965,5267,0.00347525,-0.017795,-0.999836,0
2282,273,12,43,0,103,23,2736,1256,3992,0.0146303,-0.0534333,-0.998464,0
5325,540,27,105,0,230,54,6281,2712,8993,0.0209487,-0.116941,-0.992918,0
5469,464,27,80,0,212,45,6297,1934,8231,0.0233752,-0.158529,-0.987078,0
5409,485,26,99,0,185,42,6246,2027,8273,-0.00198285,-0.25689,-0.966439,0
5282,479,24,80,0,183,42,6090,1749,7839,-0.00752834,-0.347881,-0.937509,0
6052,500,25,88,0,191,45,6901,2222,9123,-0.0176366,-0.450292,-0.892707,0
5391,589,23,94,0,212,49,6358,2093,8451,-0.0337496,-0.540508,-0.840662,0
5553,612,23,100,0,218,52,6558,1983,8541,-0.0670766,-0.613818,-0.786593,0
5273,896,27,145,0,244,63,6648,-1000,-1000,-1,-1,-1,0
3739,464,14,73,0,168,40,4498,1222,5720,-0.0348497,-0.138743,-0.989715,0
5949,825,36,135,0,252,63,7260,2164,9424,-0.0605967,-0.230161,-0.971264,0
5556,849,21,126,0,276,68,6896,1962,8858,-0.0793475,-0.346735,-0.934601,0
5564,925,24,135,0,305,77,7030,1702,8732,-0.0989219,-0.463429,-0.880595,0
5610,1146,23,164,0,381,94,7418,1554,8972,-0.106884,-0.573048,-0.812522,0
5645,1379,25,186,0,409,105,7749,2046,9795,-0.0994634,-0.649004,-0.754256,0
5760,1586,25,210,0,455,119,8155,-1000,-1000,-1,-1,-1,0
5817,1784,26,240,0,514,134,8515,2093,10608,0.00821949,-0.141326,-0.989929,0
4030,1485,23,212,0,551,127,6428,1174,7602,0.0266578,-0.21295,-0.9767,0
6073,2156,38,354,0,534,141,9296,1911,11207,0.0744337,-0.383529,-0.920524,0
5730,1634,31,213,0,475,119,8202,1865,10067,0.113863,-0.501196,-0.85781,0
4359,1176,21,146,0,313,78,6093,1121,7214,0.130769,-0.587262,-0.798763,0
5592,1427,31,207,0,422,103,7782,1540,9322,0.143654,-0.671613,-0.726842,0
5662,1072,29,158,0,356,84,7361,-1000,-1000,-1,-1,-1,0
5778,1054,39,153,0,297,72,7393,1722,9115,0.0304683,-0.151186,-0.988036,0
3797,491,18,80,0,200,44,4630,1282,5912,0.0776753,-0.290837,-0.953614,0
5683,616,26,107,0,236,53,6721,1877,8598,0.0971353,-0.390045,-0.915658,0
5261,587,49,96,0,213,49,6255,2156,8411,0.113864,-0.468892,-0.875885,0
5713,547,25,96,0,210,48,6639,1568,8207,0.124106,-0.580304,-0.804888,0
5646,631,26,113,0,234,67,6717,2112,8829,0.115279,-0.641824,-0.758138,0
5788,542,30,97,0,199,46,6702,-1000,-1000,-1,-1,-1,0
5301,510,24,84,0,189,44,6152,1945,8097,-0.020014,-0.199526,-0.979688,0
5863,538,24,86,0,181,43,6735,1885,8620,-0.0211183,-0.302395,-0.952949,0
2987,249,13,43,0,89,22,3403,943,4346,-0.032997,-0.354988,-0.934288,0
3345,257,12,44,0,92,23,3773,1319,5092,-0.0300461,-0.395793,-0.917848,0
3970,403,33,68,0,140,36,4650,1470,6120,-0.0398887,-0.42141,-0.905992,0
5429,632,24,102,0,229,57,6473,1819,8292,-0.0530081,-0.453475,-0.889691,0
5666,791,24,124,0,219,58,6882,1816,8698,-0.0501122,-0.535638,-0.84296,0
5258,528,18,81,0,162,45,6092,1229,7321,-0.0385274,-0.491595,-0.869971,0
2889,444,16,81,0,138,37,3605,860,4465,-0.0372938,-0.436541,-0.898911,0
5618,908,24,136,0,308,88,7082,1972,9054,-0.0357611,-0.405258,-0.913503,0
5695,989,24,155,0,300,80,7243,1732,8975,-0.0299564,-0.425546,-0.904441,0
6220,1252,33,234,0,470,112,8321,1942,10263,-0.0202541,-0.463138,-0.886055,0
5549,1246,25,205,0,371,98,7494,2146,9640,-0.019319,-0.515939,-0.856407,0
4239,1037,20,139,0,376,104,5915,1660,7575,-0.0237895,-0.542659,-0.839616,0
5666,1587,26,213,0,460,117,8069,1859,9928,-0.0386144,-0.627235,-0.777873,0
5785,1739,25,226,0,500,127,8402,3313,11715,-0.106414,-0.689309,-0.71661,0
6056,1858,26,247,0,630,144,8961,-1000,-1000,-1,-1,-1,0
4503,1387,17,181,0,435,108,6631,2822,9453,-0.00778904,-0.0844271,-0.996399,0
7154,2116,26,278,0,617,154,10345,2067,12412,0.0284329,-0.170615,-0.984927,0
6417,2300,27,284,0,637,158,9823,1314,11137,0.0503635,-0.225916,-0.972844,0
4266,1615,18,193,0,448,108,6648,1074,7722,0.0850864,-0.285478,-0.954601,0
6295,2463,40,298,0,855,161,10112,1715,11827,0.109418,-0.349479,-0.930533,0
4199,1478,19,186,0,458,106,6446,952,7398,0.116451,-0.410138,-0.904558,0
7261,2063,37,261,0,614,144,10380,1431,11811,0.127476,-0.470923,-0.872916,0
5792,1832,28,239,0,570,134,8595,1593,10188,0.133674,-0.533874,-0.834931,0
6047,1661,31,219,0,509,124,8591,1671,10262,0.123014,-0.607716,-0.784569,0
5619,1331,26,185,0,434,100,7695,1760,9455,0.121056,-0.670378,-0.732078,0
5653,1085,27,153,0,373,92,7383,-1000,-1000,-1,-1,-1,0
6450,878,27,135,0,320,75,7885,3814,11699,-0.03318,-0.0954106,-0.994885,0
6067,805,30,130,0,315,72,7419,3076,10495,-0.0444833,-0.266844,-0.962713,0
5115,454,18,71,0,169,38,5865,1735,7600,-0.0398323,-0.258633,-0.965154,0
2271,227,11,38,0,91,20,2658,574,3232,-0.0397144,-0.304596,-0.951653,0
1611,151,9,25,0,61,13,1870,648,2518,-0.048226,-0.357149,-0.932801,0
6187,591,28,98,0,263,55,7222,2237,9459,-0.0575118,-0.489731,-0.869974,0
5317,616,27,99,0,230,51,6340,2064,8404,-0.0579113,-0.589054,-0.806017,0
6759,690,24,108,0,244,55,7880,2144,10024,-0.0573371,-0.666006,-0.74374,0
4148,564,16,78,0,169,39,5014,-1000,-1000,-1,-1,-1,0
6003,799,25,124,0,283,67,7301,2635,9936,-0.0132727,-0.157444,-0.987439,0
6642,874,23,134,0,293,70,8036,1736,9772,-0.00422568,-0.240744,-0.97058,0
4021,659,17,129,0,212,52,5090,1506,6596,-0.011526,-0.268106,-0.963321,0
6399,1130,25,164,0,350,87,8155,2108,10263,-0.0172059,-0.358693,-0.933297,0
6947,1249,26,181,0,377,96,8876,1994,10870,-0.034414,-0.437681,-0.898471,0
4458,915,17,128,0,273,77,5868,1708,7576,-0.0470102,-0.523276,-0.850865,0
4342,1089,22,201,0,356,158,6168,1406,7574,-0.0482555,-0.584425,-0.810011,0
4326,1230,17,157,0,336,87,6153,1616,7769,-0.067965,-0.683374,-0.726898,0
6651,1982,37,260,0,555,144,9629,-1000,-1000,-1,-1,-1,0
6116,1922,28,251,0,597,163,9077,1888,10965,-0.0156565,-0.140568,-0.989947,0
4115,1438,19,176,0,396,100,6244,1412,7656,-0.0180392,-0.274103,-0.961531,0
5991,2106,27,265,0,662,156,9207,1820,11027,-0.0214581,-0.436169,-0.899609,0
4141,1369,23,201,0,411,104,6249,1433,7682,-0.0265336,-0.547551,-0.836351,0
5976,1655,46,218,0,528,125,8548,1647,10195,-0.0126209,-0.680502,-0.732638,0
6078,1392,30,218,0,449,105,8272,-1000,-1000,-1,-1,-1,0
4083,880,19,119,0,330,67,5498,1384,6882,0.00721086,-0.137871,-0.990424,0
6357,1030,28,151,0,385,96,8047,1878,9925,0.0322916,-0.32408,-0.945478,0
5697,1156,26,146,0,315,75,7415,1607,9022,0.0511056,-0.410139,-0.91059,0
5488,836,25,127,0,282,68,6826,1581,8407,0.0605758,-0.499544,-0.864169,0
5585,764,24,129,0,289,64,6855,1746,8601,0.0770764,-0.576215,-0.813656,0
6136,795,37,120,0,268,62,7418,-1000,-1000,-1,-1,-1,0
5405,492,18,93,0,254,65,6327,1302,7629,0.024148,-0.100594,-0.994634,0
2498,259,42,43,0,98,22,2962,755,3717,0.0251354,-0.123582,-0.992016,0
3622,381,15,62,0,145,33,4258,1414,5672,0.0347769,-0.253356,-0.966748,0
5427,504,23,86,0,188,46,6274,2302,8576,0.0497171,-0.378935,-0.924087,0
5217,500,26,93,0,179,44,6059,2263,8322,0.0507832,-0.434412,-0.899282,0
5362,565,24,90,0,183,47,6271,2451,8722,0.0625561,-0.565787,-0.822175,0
5346,745,25,119,0,149,38,6422,1744,8166,0.0611546,-0.56744,-0.821141,0
2288,328,11,49,0,100,26,2802,862,3664,0.0619185,-0.552955,-0.830907,0
1697,264,8,45,0,82,22,2118,712,2830,0.0635391,-0.558268,-0.827224,0
5719,1010,38,236,0,460,121,7584,2052,9636,0.0484834,-0.59599,-0.801527,0
5804,1169,26,171,0,410,94,7674,1983,9657,0.0280465,-0.597089,-0.801684,0
5136,1292,22,178,0,378,96,7102,-1000,-1000,-1,-1,-1,0
5926,1579,26,216,0,471,120,8338,2065,10403,-0.0247679,-0.137006,-0.990261,0
6007,1744,27,236,0,506,129,8649,1900,10549,-0.0334953,-0.236869,-0.970964,0
5811,1857,26,240,0,570,136,8640,1179,9819,-0.0297877,-0.338238,-0.940589,0
5977,1808,24,234,0,520,128,8691,1247,9938,-0.0366478,-0.437099,-0.898667,0
5992,2232,25,280,0,631,155,9315,1457,10772,-0.049999,-0.545994,-0.836296,0
6137,1679,18,198,0,465,110,8607,970,9577,-0.035639,-0.559309,-0.828193,0
3220,1215,14,152,0,367,89,5057,721,5778,-0.0368704,-0.547148,-0.836223,0
6447,2540,28,300,0,703,169,10187,1394,11581,-0.00660361,-0.571215,-0.820774,0
6239,2414,28,302,0,691,165,9839,1067,10906,0.0301124,-0.623143,-0.781529,0
6285,2264,26,294,0,663,182,9714,1554,11268,0.0460107,-0.605883,-0.794222,0
6299,2102,26,261,0,637,147,9472,1683,11155,0.0440033,-0.621317,-0.782323,0
5676,1784,22,232,0,570,129,8413,1452,9865,0.0454556,-0.67727,-0.734329,0
5326,1611,23,208,0,487,114,7769,2635,10404,0.0420729,-0.704132,-0.708822,0
6160,1667,26,226,0,505,118,8702,-1000,-1000,-1,-1,-1,0
4137,1056,20,138,0,332,75,5758,1376,7134,-0.021146,-0.0499212,-0.998529,0
5706,1340,27,179,0,446,103,7801,3056,10857,-0.038983,-0.138657,-0.989573,0
5688,1196,28,165,0,403,94,7574,1580,9154,-0.0383563,-0.201035,-0.978833,0
5617,1208,37,168,0,405,107,7542,2475,10017,-0.0568457,-0.252948,-0.965809,0
5540,1151,27,161,0,384,90,7353,1763,9116,-0.0803329,-0.312794,-0.946418,0
6545,1089,29,159,0,363,85,8270,1955,10225,-0.123947,-0.394174,-0.910639,0
5520,1047,28,149,0,349,81,7174,1561,8735,-0.1457,-0.458541,-0.876648,0
5632,1091,26,154,0,352,82,7337,1541,8878,-0.159008,-0.548051,-0.821192,0
5714,1356,46,214,0,552,124,8006,2248,10254,-0.162123,-0.60421,-0.780159,0
4071,845,18,117,0,263,63,5377,1426,6803,-0.158365,-0.652117,-0.741394,0
6834,1234,25,175,0,383,93,8744,-1000,-1000,-1,-1,-1,0
3856,857,15,117,0,261,65,5171,1565,6736,-0.0311633,-0.129895,-0.991038,0
6272,1211,21,169,0,371,93,8137,2409,10546,-0.0582331,-0.200008,-0.978062,0
6252,1206,26,189,0,355,90,8118,1795,9913,-0.0773365,-0.286075,-0.955081,0
5631,1148,22,158,0,349,86,7394,1625,9019,-0.11344,-0.414306,-0.90304,0
5541,1165,25,180,0,362,89,7362,2079,9441,-0.108845,-0.462762,-0.879775,0
5824,1272,21,174,0,386,96,7773,2447,10220,-0.095945,-0.476345,-0.874008,0
4851,941,16,136,0,285,71,6300,1219,7519,-0.0983216,-0.523298,-0.846458,0
5866,1674,31,266,0,669,168,8674,1992,10666,-0.0972861,-0.549247,-0.829978,0
5930,1578,23,251,0,481,122,8385,1176,9561,-0.106262,-0.571805,-0.813479,0
3984,1225,17,154,0,359,88,5827,1525,7352,-0.0903021,-0.572435,-0.814962,0
5865,1800,26,232,0,528,139,8590,1591,10181,-0.0866828,-0.624054,-0.776558,0
6347,1842,26,239,0,542,133,9129,1564,10693,-0.0910885,-0.688493,-0.7195,0
5835,1896,27,243,0,543,133,8677,-1000,-1000,-1,-1,-1,0
4067,1101,13,129,0,294,74,5678,1133,6811,-0.00746869,-0.0659667,-0.997794,0
2552,742,10,90,0,205,50,3649,682,4331,-0.00975919,-0.0961376,-0.99532,0
1990,722,10,89,0,199,50,3060,715,3775,-0.0129318,-0.135825,-0.990648,0
5915,2035,27,261,0,612,149,8999,1943,10942,-0.0218957,-0.196233,-0.980313,0
5795,2246,38,372,0,596,154,9201,1950,11151,-0.0317414,-0.250019,-0.967721,0
5684,2011,49,236,0,537,159,8676,1508,10184,-0.0294054,-0.29105,-0.956256,0
5957,1988,27,256,0,583,142,8953,1172,10125,-0.0260843,-0.363927,-0.931062,0
5941,1979,29,249,0,480,94,8772,985,9757,-0.0214584,-0.382266,-0.923803,0
2455,872,13,114,0,244,75,3773,686,4459,-0.0185731,-0.377234,-0.925932,0
2553,880,14,118,0,252,64,3881,791,4672,-0.0284255,-0.390268,-0.920263,0
5746,1866,27,214,0,532,139,8524,1517,10041,-0.0436031,-0.4044,-0.913542,0
5915,1913,35,334,0,687,176,9060,1938,10998,-0.0539472,-0.412953,-0.909153,0
5701,1890,35,344,0,769,138,8877,1891,10768,-0.0639651,-0.413436,-0.908284,0
6092,1809,30,235,0,517,124,8807,1529,10336,-0.0652464,-0.402111,-0.913264,0
6197,1824,29,231,0,509,124,8914,1561,10475,-0.0593975,-0.400636,-0.91431,0
6225,1209,21,180,0,349,85,8069,1174,9243,-0.0532839,-0.383319,-0.922078,0
2946,937,16,119,0,265,65,4348,931,5279,-0.0452005,-0.368452,-0.928547,0
5596,1769,32,227,0,505,123,8252,1772,10024,-0.0379987,-0.371549,-0.927635,0
6082,1758,29,228,0,538,128,8763,1526,10289,-0.0292922,-0.367216,-0.929675,0
6066,1809,30,227,0,488,121,8741,1371,10112,-0.0271394,-0.364106,-0.930962,0
5592,1712,30,223,0,502,121,8180,1617,9797,-0.0272506,-0.365623,-0.930364,0
3923,1325,20,155,0,341,83,5847,850,6697,-0.026844,-0.369226,-0.928952,0
5659,1978,36,255,0,496,122,8546,1364,9910,-0.0224792,-0.374549,-0.926935,0
5893,1709,31,224,0,493,121,8471,1840,10311,-0.0163033,-0.375558,-0.926655,0
3976,1184,24,204,0,505,111,6004,1081,7085,-0.0137806,-0.377239,-0.926014,0
5159,1417,26,189,0,437,105,7333,1235,8568,-0.00994851,-0.391879,-0.919963,0
5853,1570,41,214,0,470,113,8261,1383,9644,-0.00352239,-0.4055,-0.914088,0
5553,1909,39,225,0,471,114,8311,1434,9745,-0.00201763,-0.415275,-0.909694,0
5479,1587,30,206,0,465,113,7880,1403,9283,-0.00484425,-0.421166,-0.906971,0
5633,1563,31,215,0,471,114,8027,1876,9903,-0.0081369,-0.417233,-0.908763,0
5582,1556,30,220,0,464,123,7975,1732,9707,-0.0131409,-0.410758,-0.91165,0
5587,1578,30,210,0,468,113,7986,1527,9513,-0.0170437,-0.404505,-0.914377,0
5618,1558,31,211,0,473,140,8031,1461,9492,-0.0205066,-0.396021,-0.918013,0
5757,1591,42,213,0,486,130,8219,1432,9651,-0.0261609,-0.39536,-0.918154,0
5694,1637,31,216,0,478,115,8171,1653,9824,-0.0272185,-0.394251,-0.9186,0
5622,1610,30,218,0,518,123,8121,1490,9611,-0.0273415,-0.394853,-0.918338,0
5709,1691,30,220,0,507,123,8280,1609,9889,-0.0294755,-0.401151,-0.915538,0
5722,1680,31,218,0,478,116,8245,1378,9623,-0.0286814,-0.389942,-0.920393,0
5641,1582,29,215,0,478,116,8061,1407,9468,-0.0234676,-0.377981,-0.925516,0
5655,1676,31,218,0,481,117,8178,1346,9524,-0.0251231,-0.378927,-0.925086,0
5581,1636,29,214,0,478,116,8054,1628,9682,-0.0274746,-0.373825,-0.927092,0
5779,1614,29,219,0,526,123,8290,1418,9708,-0.028807,-0.35997,-0.932519,0
5586,1666,31,219,0,492,118,8112,1515,9627,-0.0329495,-0.347055,-0.937266,0
5591,1599,29,216,0,505,119,8059,1492,9551,-0.0344132,-0.345721,-0.937706,0
5738,1625,30,231,0,531,123,8278,1460,9738,-0.0273459,-0.329473,-0.943769,0
5648,1680,32,220,0,507,122,8209,1504,9713,-0.0207237,-0.312773,-0.949602,0
5673,1606,31,215,0,549,122,8196,1431,9627,-0.0135976,-0.300529,-0.953676,0
5769,1604,51,217,0,533,126,8300,1680,9980,-0.0122893,-0.291272,-0.956562,0
5561,1601,34,219,0,482,115,8012,1346,9358,-0.0108005,-0.287464,-0.95773,0
5681,1609,30,214,0,500,118,8152,1506,9658,-0.00860598,-0.270478,-0.962688,0
5594,1647,30,216,0,475,115,8077,1694,9771,-0.00518055,-0.262946,-0.964797,0
5776,1648,31,238,0,475,116,8284,1375,9659,-0.00494623,-0.256848,-0.96644,0
5761,1731,36,231,0,550,119,8428,1803,10231,-0.00414174,-0.238749,-0.971072,0
5675,1680,31,219,0,532,121,8258,1731,9989,-0.00754301,-0.21537,-0.976503,0
5778,1626,31,244,0,523,123,8325,1235,9560,-0.00822475,-0.210517,-0.977556,0
5765,1641,29,214,0,479,122,8250,1348,9598,-0.00969259,-0.19519,-0.980718,0
5597,1673,31,217,0,480,117,8115,1502,9617,-0.00714441,-0.18139,-0.983386,0
5784,1662,31,217,0,478,117,8289,1673,9962,-0.00803326,-0.166101,-0.986076,0
5582,1679,31,216,0,483,117,8108,1780,9888,-0.0139151,-0.151036,-0.98843,0
5587,1629,32,214,0,531,122,8115,1848,9963,-0.01868,-0.131576,-0.99113,0
5563,1642,30,214,0,492,80,8021,1171,9192,-0.0242578,-0.123237,-0.992081,0
4982,1491,26,192,0,427,105,7223,1562,8785,-0.0259538,-0.121426,-0.992261,0
5636,1640,30,216,0,478,116,8116,1887,10003,-0.0277735,-0.104457,-0.994142,0
5543,1606,31,222,0,501,122,8025,1404,9429,-0.0280407,-0.0903295,-0.995517,0
5544,1617,31,215,0,480,116,8003,1640,9643,-0.0294987,-0.0914845,-0.99537,0
5801,1612,42,231,0,490,122,8298,1899,10197,-0.0297256,-0.0831991,-0.996089,0
4849,1139,21,147,0,328,79,6563,1276,7839,-0.030183,-0.0746315,-0.996754,0
2953,853,16,113,0,254,61,4250,988,5238,-0.0314833,-0.0729719,-0.996837,0
